,0
0,VISIONINSURANCE
1,DENTALINSURANCE
2,HEALTHINSURANCE
3,LIFEINSURANCE
4,DENTALINSURANCE
5,LIFEINSURANCE
6,401(K)
7,401(K)MATCHING
8,HEALTHINSURANCE
9,DISABILITYINSURANCE
10,PAIDTIMEOFF
11,ON-THE-JOBTRAINING
12,401(K)
13,WORKFROMHOME
14,HEALTHINSURANCE
15,VISIONINSURANCE
16,DENTALINSURANCE
17,PAIDTIMEOFF
18,401(K)
19,401(K)MATCHING
20,HEALTHINSURANCE
21,PAIDTRAINING
22,FLEXIBLESPENDINGACCOUNT
23,PAIDTIMEOFF
24,EMPLOYEEASSISTANCEPROGRAM
25,LIFEINSURANCE
26,PAIDMILITARYLEAVE
27,HEALTHSAVINGSACCOUNT
28,401(K)
29,MILITARYLEAVE
30,TUITIONREIMBURSEMENT
31,401(K)MATCHING
32,HEALTHINSURANCE
33,DISABILITYINSURANCE
34,DENTALINSURANCE
35,FLEXIBLESPENDINGACCOUNT
36,VISIONINSURANCE
37,PAIDTIMEOFF
38,EMPLOYEEASSISTANCEPROGRAM
39,LIFEINSURANCE
40,PROFESSIONALDEVELOPMENTASSISTANCE
41,EMPLOYEEDISCOUNT
42,401(K)
43,TUITIONREIMBURSEMENT
44,401(K)MATCHING
45,HEALTHINSURANCE
46,REFERRALPROGRAM
47,PROFITSHARING
48,DENTALINSURANCE
49,VISIONINSURANCE
50,PAIDTIMEOFF
51,LIFEINSURANCE
52,401(K)
53,401(K)MATCHING
54,HEALTHINSURANCE
55,VISIONINSURANCE
56,DENTALINSURANCE
57,PAIDTIMEOFF
58,LIFEINSURANCE
59,401(K)
60,401(K)MATCHING
61,HEALTHINSURANCE
62,PAIDPARENTALLEAVE
63,DENTALINSURANCE
64,FLEXIBLESPENDINGACCOUNT
65,VISIONINSURANCE
66,PAIDTIMEOFF
67,GYMMEMBERSHIP
68,WELLNESSPROGRAM
69,PARENTALLEAVE
70,HEALTHSAVINGSACCOUNT
71,401(K)
72,TUITIONREIMBURSEMENT
73,401(K)MATCHING
74,HEALTHINSURANCE
75,FLEXIBLESCHEDULE
76,VISIONINSURANCE
77,FLEXIBLESPENDINGACCOUNT
78,PAIDTIMEOFF
79,EMPLOYEEASSISTANCEPROGRAM
80,PARENTALLEAVE
81,401(K)
82,TUITIONREIMBURSEMENT
83,401(K)MATCHING
84,HEALTHINSURANCE
85,DISABILITYINSURANCE
86,PAIDPARENTALLEAVE
87,HEALTHINSURANCE
88,PARENTALLEAVE
89,VISIONINSURANCE
90,DENTALINSURANCE
91,UNLIMITEDPAIDTIMEOFF
92,COMMUTERASSISTANCE
93,HEALTHINSURANCE
94,TUITIONREIMBURSEMENT
95,PAIDTRAINING
96,DENTALINSURANCE
97,VISIONINSURANCE
98,PAIDTIMEOFF
99,EMPLOYEEASSISTANCEPROGRAM
100,LIFEINSURANCE
101,401(K)
102,HEALTHINSURANCE
103,EMPLOYEESTOCKPURCHASEPLAN
104,PAIDTIMEOFF
105,WELLNESSPROGRAM
106,LIFEINSURANCE
107,401(K)
108,DENTALINSURANCE
109,VISIONINSURANCE
110,PAIDTIMEOFF
111,LIFEINSURANCE
112,EMPLOYEEDISCOUNT
113,401(K)
114,TUITIONREIMBURSEMENT
115,401(K)MATCHING
116,HEALTHINSURANCE
117,REFERRALPROGRAM
118,DENTALINSURANCE
119,VISIONINSURANCE
120,PAIDTIMEOFF
121,EMPLOYEEASSISTANCEPROGRAM
122,FLEXIBLESCHEDULE
123,PETINSURANCE
124,401(K)
125,COMMUTERASSISTANCE
126,TUITIONREIMBURSEMENT
127,401(K)MATCHING
128,HEALTHINSURANCE
129,DISABILITYINSURANCE
130,401(K)MATCHING
131,HEALTHINSURANCE
132,401(K)
133,DENTALINSURANCE
134,VISIONINSURANCE
135,PAIDTIMEOFF
136,401(K)
137,TUITIONREIMBURSEMENT
138,HEALTHINSURANCE
139,PAIDPARENTALLEAVE
140,DENTALINSURANCE
141,VISIONINSURANCE
142,CELLPHONEREIMBURSEMENT
143,INTERNETREIMBURSEMENT
144,LIFEINSURANCE
145,PARENTALLEAVE
146,HEALTHSAVINGSACCOUNT
147,401(K)
148,401(K)MATCHING
149,HEALTHINSURANCE
150,DISABILITYINSURANCE
151,PAIDTIMEOFF
152,FLEXIBLESCHEDULE
153,PARENTALLEAVE
154,401(K)
155,WORKFROMHOME
156,HEALTHINSURANCE
157,401(K)MATCHING
158,PAIDTIMEOFF
159,401(K)
160,DENTALINSURANCE
161,FLEXIBLESPENDINGACCOUNT
162,VISIONINSURANCE
163,PAIDTIMEOFF
164,LIFEINSURANCE
165,PARENTALLEAVE
166,401(K)
167,401(K)MATCHING
168,HEALTHINSURANCE
169,DISABILITYINSURANCE
170,VISIONINSURANCE
171,DENTALINSURANCE
172,PAIDTIMEOFF
173,401(K)
174,401(K)MATCHING
175,HEALTHINSURANCE
176,DENTALINSURANCE
177,FLEXIBLESPENDINGACCOUNT
178,VISIONINSURANCE
179,PAIDTIMEOFF
180,LIFEINSURANCE
181,PARENTALLEAVE
182,PROFESSIONALDEVELOPMENTASSISTANCE
183,HEALTHSAVINGSACCOUNT
184,401(K)
185,401(K)MATCHING
186,HEALTHINSURANCE
187,REFERRALPROGRAM
188,DENTALINSURANCE
189,FLEXIBLESPENDINGACCOUNT
190,VISIONINSURANCE
191,EMPLOYEEASSISTANCEPROGRAM
192,LIFEINSURANCE
193,ADOPTIONASSISTANCE
194,PARENTALLEAVE
195,HEALTHSAVINGSACCOUNT
196,UNLIMITEDPAIDTIMEOFF
197,401(K)
198,PETINSURANCE
199,TUITIONREIMBURSEMENT
200,HEALTHINSURANCE
201,REFERRALPROGRAM
202,DENTALINSURANCE
203,PAIDTIMEOFF
204,LIFEINSURANCE
205,401(K)
206,HEALTHINSURANCE
207,PAIDPARENTALLEAVE
208,DENTALINSURANCE
209,FLEXIBLESPENDINGACCOUNT
210,PARENTALLEAVE
211,UNLIMITEDPAIDTIMEOFF
212,401(K)
213,STOCKOPTIONS
214,401(K)MATCHING
215,HEALTHINSURANCE
216,VISIONINSURANCE
217,FLEXIBLESPENDINGACCOUNT
218,WELLNESSPROGRAM
219,HEALTHSAVINGSACCOUNT
220,UNLIMITEDPAIDTIMEOFF
221,401(K)
222,COMMUTERASSISTANCE
223,TUITIONREIMBURSEMENT
224,401(K)MATCHING
225,HEALTHINSURANCE
226,DENTALINSURANCE
227,FLEXIBLESPENDINGACCOUNT
228,VISIONINSURANCE
229,PAIDTIMEOFF
230,401(K)
231,401(K)MATCHING
232,HEALTHINSURANCE
233,DENTALINSURANCE
234,FLEXIBLESPENDINGACCOUNT
235,VISIONINSURANCE
236,PAIDTIMEOFF
237,FLEXIBLESCHEDULE
238,401(K)
239,401(K)MATCHING
240,HEALTHINSURANCE
241,DENTALINSURANCE
242,HEALTHINSURANCE
243,PAIDTIMEOFF
244,OPPORTUNITIESFORADVANCEMENT
245,PAIDTIMEOFF
246,LIFEINSURANCE
247,CONTINUINGEDUCATIONCREDITS
248,ON-SITEGYM
249,WORKFROMHOME
250,HEALTHINSURANCE
251,HEALTHINSURANCE
252,DENTALINSURANCE
253,HEALTHINSURANCE
254,401(K)
255,DENTALINSURANCE
256,VISIONINSURANCE
257,PAIDTIMEOFF
258,EMPLOYEEASSISTANCEPROGRAM
259,GYMMEMBERSHIP
260,LIFEINSURANCE
261,EMPLOYEEDISCOUNT
262,HEALTHSAVINGSACCOUNT
263,401(K)
264,WORKFROMHOME
265,401(K)MATCHING
266,HEALTHINSURANCE
267,REFERRALPROGRAM
268,DISABILITYINSURANCE
269,DENTALINSURANCE
270,401(K)
271,TUITIONREIMBURSEMENT
272,401(K)MATCHING
273,HEALTHINSURANCE
274,OPPORTUNITIESFORADVANCEMENT
275,VISIONINSURANCE
276,DENTALINSURANCE
277,UNLIMITEDPAIDTIMEOFF
278,HEALTHINSURANCE
279,PAIDPARENTALLEAVE
280,DENTALINSURANCE
281,VISIONINSURANCE
282,PAIDTIMEOFF
283,EMPLOYEEASSISTANCEPROGRAM
284,FLEXIBLESCHEDULE
285,WORKFROMHOMESTIPEND
286,ON-THE-JOBTRAINING
287,LIFEINSURANCE
288,PARENTALLEAVE
289,401(K)5%MATCH
290,CONTINUINGEDUCATIONCREDITS
291,401(K)
292,WORKFROMHOME
293,401(K)MATCHING
294,HEALTHINSURANCE
295,REFERRALPROGRAM
296,DISABILITYINSURANCE
297,DENTALINSURANCE
298,VISIONINSURANCE
299,PAIDTIMEOFF
300,EMPLOYEEASSISTANCEPROGRAM
301,FLEXIBLESCHEDULE
302,PETINSURANCE
303,401(K)
304,COMMUTERASSISTANCE
305,TUITIONREIMBURSEMENT
306,401(K)MATCHING
307,HEALTHINSURANCE
308,DISABILITYINSURANCE
309,PAIDPARENTALLEAVE
310,DENTALINSURANCE
311,VISIONINSURANCE
312,FLEXIBLESCHEDULE
313,LIFEINSURANCE
314,PARENTALLEAVE
315,UNLIMITEDPAIDTIMEOFF
316,401(K)
317,PETINSURANCE
318,401(K)MATCHING
319,HEALTHINSURANCE
320,DISABILITYINSURANCE
321,VISIONINSURANCE
322,DENTALINSURANCE
323,PAIDTIMEOFF
324,401(K)
325,401(K)MATCHING
326,HEALTHINSURANCE
327,DENTALINSURANCE
328,VISIONINSURANCE
329,PAIDTIMEOFF
330,LIFEINSURANCE
331,401(K)
332,401(K)MATCHING
333,HEALTHINSURANCE
334,REFERRALPROGRAM
335,DISABILITYINSURANCE
336,401(K)MATCHING
337,DENTALINSURANCE
338,401(K)
339,OPPORTUNITIESFORADVANCEMENT
340,DENTALINSURANCE
341,VISIONINSURANCE
342,PAIDTIMEOFF
343,EMPLOYEEASSISTANCEPROGRAM
344,PARENTALLEAVE
345,401(K)
346,401(K)MATCHING
347,HEALTHINSURANCE
348,REFERRALPROGRAM
349,PAIDPARENTALLEAVE
350,DENTALINSURANCE
351,VISIONINSURANCE
352,EMPLOYEEASSISTANCEPROGRAM
353,WORKFROMHOMESTIPEND
354,PARENTALLEAVE
355,401(K)
356,401(K)MATCHING
357,HEALTHINSURANCE
358,OPPORTUNITIESFORADVANCEMENT
359,DENTALINSURANCE
360,VISIONINSURANCE
361,PAIDTIMEOFF
362,FLEXIBLESCHEDULE
363,HEALTHSAVINGSACCOUNT
364,401(K)
365,401(K)MATCHING
366,HEALTHINSURANCE
367,AD&DINSURANCE
368,DISABILITYINSURANCE
369,HEALTHINSURANCE
370,FLEXIBLESCHEDULE
371,PAIDTIMEOFF
372,MEALS&INCIDENTALSSTIPEND
373,INTERNETREIMBURSEMENT
374,STOCKOPTIONS
375,FLEXIBLESCHEDULE
376,PAIDTIMEOFF
377,DENTALINSURANCE
378,FLEXIBLESPENDINGACCOUNT
379,VISIONINSURANCE
380,PAIDTIMEOFF
381,FLEXIBLESCHEDULE
382,LIFEINSURANCE
383,PARENTALLEAVE
384,PROFESSIONALDEVELOPMENTASSISTANCE
385,HEALTHSAVINGSACCOUNT
386,RELOCATIONASSISTANCE
387,401(K)
388,RETIREMENTPLAN
389,TUITIONREIMBURSEMENT
390,401(K)MATCHING
391,HEALTHINSURANCE
392,REFERRALPROGRAM
393,DENTALINSURANCE
394,HEALTHINSURANCE
395,401(K)
396,DENTALINSURANCE
397,PAIDTIMEOFF
398,PRESCRIPTIONDRUGINSURANCE
399,PARENTALLEAVE
400,EMPLOYEEDISCOUNT
401,TUITIONREIMBURSEMENT
402,HEALTHINSURANCE
403,PAIDPARENTALLEAVE
404,DENTALINSURANCE
405,FLEXIBLESPENDINGACCOUNT
406,VISIONINSURANCE
407,PAIDTIMEOFF
408,PARENTALLEAVE
409,401(K)
410,HEALTHINSURANCE
411,AD&DINSURANCE
412,DISABILITYINSURANCE
413,DENTALINSURANCE
414,VISIONINSURANCE
415,GYMMEMBERSHIP
416,WORKFROMHOME
417,LIFEINSURANCE
418,401(K)
419,STOCKOPTIONS
420,401(K)MATCHING
421,HEALTHINSURANCE
422,DISABILITYINSURANCE
423,DENTALINSURANCE
424,VISIONINSURANCE
425,PAIDTIMEOFF
426,EMPLOYEEASSISTANCEPROGRAM
427,WELLNESSPROGRAM
428,HEALTHINSURANCE
429,DISABILITYINSURANCE
430,VISIONINSURANCE
431,DENTALINSURANCE
432,EMPLOYEESTOCKOWNERSHIPPLAN
433,401(K)
434,401(K)MATCHING
435,HEALTHINSURANCE
436,VISIONINSURANCE
437,DENTALINSURANCE
438,PAIDTIMEOFF
439,401(K)
440,401(K)MATCHING
441,HEALTHINSURANCE
442,PROFITSHARING
443,DENTALINSURANCE
444,FLEXIBLESPENDINGACCOUNT
445,VISIONINSURANCE
446,PAIDTIMEOFF
447,CELLPHONEREIMBURSEMENT
448,PROFESSIONALDEVELOPMENTASSISTANCE
449,HEALTHSAVINGSACCOUNT
450,401(K)
451,HEALTHINSURANCE
452,REFERRALPROGRAM
453,DISABILITYINSURANCE
454,PAIDPARENTALLEAVE
455,DENTALINSURANCE
456,FLEXIBLESPENDINGACCOUNT
457,VISIONINSURANCE
458,PAIDTIMEOFF
459,EMPLOYEEASSISTANCEPROGRAM
460,EMPLOYEESTOCKOWNERSHIPPLAN
461,LIFEINSURANCE
462,PARENTALLEAVE
463,HEALTHSAVINGSACCOUNT
464,401(K)
465,HEALTHINSURANCE
466,AD&DINSURANCE
467,DISABILITYINSURANCE
468,VISIONINSURANCE
469,PAIDTIMEOFF
470,401(K)
471,401(K)MATCHING
472,HEALTHINSURANCE
473,DISABILITYINSURANCE
474,DENTALINSURANCE
475,VISIONINSURANCE
476,PAIDTIMEOFF
477,FAMILYLEAVE
478,LIFEINSURANCE
479,401(K)
480,WORKFROMHOME
481,HEALTHINSURANCE
482,AD&DINSURANCE
483,DISABILITYINSURANCE
484,DENTALINSURANCE
485,VISIONINSURANCE
486,PAIDTIMEOFF
487,LIFEINSURANCE
488,401(K)
489,TUITIONREIMBURSEMENT
490,401(K)MATCHING
491,HEALTHINSURANCE
492,CASHBALANCEPENSIONPLAN
493,REFERRALPROGRAM
494,VISIONINSURANCE
495,DENTALINSURANCE
496,LIFEINSURANCE
497,401(K)
498,401(K)MATCHING
499,HEALTHINSURANCE
500,DENTALINSURANCE
501,VISIONINSURANCE
502,PAIDTIMEOFF
503,EMPLOYEEASSISTANCEPROGRAM
504,FLEXIBLESCHEDULE
505,LIFEINSURANCE
506,CONTINUINGEDUCATIONCREDITS
507,401(K)
508,TUITIONREIMBURSEMENT
509,401(K)MATCHING
510,HEALTHINSURANCE
511,DISABILITYINSURANCE
512,CONTINUINGEDUCATIONCREDITS
513,OPPORTUNITIESFORADVANCEMENT
514,DENTALINSURANCE
515,HEALTHINSURANCE
516,401(K)
517,HAPPYHOUR
518,DENTALINSURANCE
519,PAIDTIMEOFF
520,FLEXIBLESCHEDULE
521,401(K)
522,401(K)MATCHING
523,HEALTHINSURANCE
524,VISIONINSURANCE
525,PAIDTIMEOFF
526,PARENTALLEAVE
527,RETIREMENTPLAN
528,HEALTHINSURANCE
529,PROFITSHARING
530,DENTALINSURANCE
531,VISIONINSURANCE
532,EMPLOYEEASSISTANCEPROGRAM
533,LIFEINSURANCE
534,REFERRALPROGRAM
535,RETIREMENTPLAN
536,HEALTHINSURANCE
537,AD&DINSURANCE
538,DISABILITYINSURANCE
539,VISIONINSURANCE
540,DENTALINSURANCE
541,PAIDTIMEOFF
542,FLEXIBLESCHEDULE
543,401(K)
544,HEALTHINSURANCE
545,401(K)MATCHING
546,401(K)
547,HAPPYHOUR
548,DENTALINSURANCE
549,VISIONINSURANCE
550,PAIDTIMEOFF
551,401(K)
552,WORKFROMHOME
553,401(K)MATCHING
554,HEALTHINSURANCE
555,PAIDTIMEOFF
556,LIFEINSURANCE
557,PARENTALLEAVE
558,RETIREMENTPLAN
559,HEALTHINSURANCE
560,DISABILITYINSURANCE
561,VISIONINSURANCE
562,DENTALINSURANCE
563,401(K)
564,401(K)MATCHING
565,HEALTHINSURANCE
566,UNIFORMALLOWANCE
567,DENTALINSURANCE
568,VISIONINSURANCE
569,PAIDTIMEOFF
570,HEALTHSAVINGSACCOUNT
571,UNLIMITEDPAIDTIMEOFF
572,401(K)
573,401(K)MATCHING
574,HEALTHINSURANCE
575,PAIDPARENTALLEAVE
576,VISIONINSURANCE
577,FLEXIBLESPENDINGACCOUNT
578,PARENTALLEAVE
579,HEALTHSAVINGSACCOUNT
580,401(K)
581,401(K)MATCHING
582,HEALTHINSURANCE
583,AD&DINSURANCE
584,DISABILITYINSURANCE
585,DENTALINSURANCE
586,VISIONINSURANCE
587,CELLPHONEREIMBURSEMENT
588,REFERRALPROGRAM
589,401(K)
590,PETINSURANCE
591,TUITIONREIMBURSEMENT
592,HEALTHINSURANCE
593,AD&DINSURANCE
594,DISABILITYINSURANCE
595,PAIDPARENTALLEAVE
596,DENTALINSURANCE
597,FLEXIBLESPENDINGACCOUNT
598,VISIONINSURANCE
599,PAIDTIMEOFF
600,EMPLOYEEASSISTANCEPROGRAM
601,LIFEINSURANCE
602,PARENTALLEAVE
603,HEALTHSAVINGSACCOUNT
604,401(K)
605,DISABILITYINSURANCE
606,TUITIONREIMBURSEMENT
607,REFERRALPROGRAM
608,RELOCATIONASSISTANCE
609,PAIDTIMEOFF
610,TUITIONREIMBURSEMENT
611,DENTALINSURANCE
612,FLEXIBLESPENDINGACCOUNT
613,VISIONINSURANCE
614,PAIDTIMEOFF
615,FLEXIBLESCHEDULE
616,LIFEINSURANCE
617,HEALTHSAVINGSACCOUNT
618,401(K)
619,HEALTHINSURANCE
620,DENTALINSURANCE
621,HEALTHINSURANCE
622,401(K)
623,DENTALINSURANCE
624,FLEXIBLESPENDINGACCOUNT
625,VISIONINSURANCE
626,PAIDTIMEOFF
627,EMPLOYEEASSISTANCEPROGRAM
628,FLEXIBLESCHEDULE
629,LIFEINSURANCE
630,PARENTALLEAVE
631,PROFESSIONALDEVELOPMENTASSISTANCE
632,EMPLOYEEDISCOUNT
633,HEALTHSAVINGSACCOUNT
634,RELOCATIONASSISTANCE
635,401(K)
636,RETIREMENTPLAN
637,TUITIONREIMBURSEMENT
638,401(K)MATCHING
639,HEALTHINSURANCE
640,REFERRALPROGRAM
641,PROFITSHARING
642,DENTALINSURANCE
643,VISIONINSURANCE
644,PAIDTIMEOFF
645,401(K)
646,COMMUTERASSISTANCE
647,HEALTHINSURANCE
648,DISABILITYINSURANCE
649,VISIONINSURANCE
650,DENTALINSURANCE
651,PAIDTIMEOFF
652,401(K)
653,401(K)MATCHING
654,HEALTHINSURANCE
655,DENTALINSURANCE
656,FLEXIBLESPENDINGACCOUNT
657,VISIONINSURANCE
658,PAIDTIMEOFF
659,FLEXIBLESCHEDULE
660,LIFEINSURANCE
661,PARENTALLEAVE
662,PROFESSIONALDEVELOPMENTASSISTANCE
663,EMPLOYEEDISCOUNT
664,HEALTHSAVINGSACCOUNT
665,RETIREMENTPLAN
666,401(K)
667,STOCKOPTIONS
668,TUITIONREIMBURSEMENT
669,401(K)MATCHING
670,HEALTHINSURANCE
671,REFERRALPROGRAM
672,FOODPROVIDED
673,OPPORTUNITIESFORADVANCEMENT
674,DENTALINSURANCE
675,VISIONINSURANCE
676,PAIDTIMEOFF
677,PARENTALLEAVE
678,EMPLOYEEDISCOUNT
679,401(K)
680,401(K)MATCHING
681,HEALTHINSURANCE
682,REFERRALPROGRAM
683,PAIDPARENTALLEAVE
684,GYMMEMBERSHIP
685,PARENTALLEAVE
686,401(K)
687,COMMUTERASSISTANCE
688,401(K)MATCHING
689,HEALTHINSURANCE
690,DENTALINSURANCE
691,FLEXIBLESPENDINGACCOUNT
692,VISIONINSURANCE
693,PAIDTIMEOFF
694,LIFEINSURANCE
695,HEALTHSAVINGSACCOUNT
696,401(K)
697,TUITIONREIMBURSEMENT
698,401(K)MATCHING
699,HEALTHINSURANCE
700,REFERRALPROGRAM
701,DISABILITYINSURANCE
702,PAIDPARENTALLEAVE
703,PAIDTIMEOFF
704,LIFEINSURANCE
705,PARENTALLEAVE
706,401(K)
707,DISABILITYINSURANCE
708,VISIONINSURANCE
709,DENTALINSURANCE
710,HEALTHINSURANCE
711,PAIDPARENTALLEAVE
712,DENTALINSURANCE
713,VISIONINSURANCE
714,PAIDTIMEOFF
715,EMPLOYEEASSISTANCEPROGRAM
716,WORKFROMHOMESTIPEND
717,LIFEINSURANCE
718,PARENTALLEAVE
719,HEALTHSAVINGSACCOUNT
720,401(K)
721,PETINSURANCE
722,401(K)MATCHING
723,HEALTHINSURANCE
724,AD&DINSURANCE
725,DISABILITYINSURANCE
726,FLEXIBLESPENDINGACCOUNT
727,PAIDTIMEOFF
728,401(K)
729,TUITIONREIMBURSEMENT
730,401(K)MATCHING
731,HEALTHINSURANCE
732,REFERRALPROGRAM
733,DENTALINSURANCE
734,FLEXIBLESPENDINGACCOUNT
735,VISIONINSURANCE
736,PAIDTIMEOFF
737,EMPLOYEEASSISTANCEPROGRAM
738,INTERNETREIMBURSEMENT
739,401(K)
740,401(K)MATCHING
741,HEALTHINSURANCE
742,AD&DINSURANCE
743,CELLPHONEREIMBURSEMENT
744,SABBATICAL
745,VISIONINSURANCE
746,DENTALINSURANCE
747,PAIDTIMEOFF
748,LIFEINSURANCE
749,RETIREMENTPLAN
750,HEALTHINSURANCE
751,DENTALINSURANCE
752,PAIDTIMEOFF
753,RETIREMENTPLAN
754,TUITIONREIMBURSEMENT
755,HEALTHINSURANCE
756,DENTALINSURANCE
757,FLEXIBLESPENDINGACCOUNT
758,VISIONINSURANCE
759,PAIDTIMEOFF
760,EMPLOYEEASSISTANCEPROGRAM
761,FLEXIBLESCHEDULE
762,LIFEINSURANCE
763,PARENTALLEAVE
764,PROFESSIONALDEVELOPMENTASSISTANCE
765,EMPLOYEEDISCOUNT
766,HEALTHSAVINGSACCOUNT
767,401(K)
768,401(K)MATCHING
769,HEALTHINSURANCE
770,REFERRALPROGRAM
771,CELLPHONEREIMBURSEMENT
772,PAIDPARENTALLEAVE
773,DENTALINSURANCE
774,VISIONINSURANCE
775,CELLPHONEREIMBURSEMENT
776,INTERNETREIMBURSEMENT
777,LIFEINSURANCE
778,PARENTALLEAVE
779,HEALTHSAVINGSACCOUNT
780,401(K)
781,401(K)MATCHING
782,HEALTHINSURANCE
783,DISABILITYINSURANCE
784,DENTALINSURANCE
785,VISIONINSURANCE
786,PAIDTIMEOFF
787,401(K)
788,TUITIONREIMBURSEMENT
789,401(K)MATCHING
790,HEALTHINSURANCE
791,DISABILITYINSURANCE
792,VISIONINSURANCE
793,DENTALINSURANCE
794,LIFEINSURANCE
795,UNLIMITEDPAIDTIMEOFF
796,HEALTHINSURANCE
797,DISABILITYINSURANCE
798,OPPORTUNITIESFORADVANCEMENT
799,DENTALINSURANCE
800,VISIONINSURANCE
801,PAIDTIMEOFF
802,EMPLOYEEASSISTANCEPROGRAM
803,HEALTHSAVINGSACCOUNT
804,401(K)
805,WORKFROMHOME
806,401(K)MATCHING
807,HEALTHINSURANCE
808,DENTALINSURANCE
809,FLEXIBLESPENDINGACCOUNT
810,VISIONINSURANCE
811,LIFEINSURANCE
812,CONTINUINGEDUCATIONCREDITS
813,401(K)
814,TUITIONREIMBURSEMENT
815,HEALTHINSURANCE
816,DISABILITYINSURANCE
817,COMPANYCAR
818,PAIDTIMEOFF
819,DENTALINSURANCE
820,VISIONINSURANCE
821,PAIDTIMEOFF
822,EMPLOYEEASSISTANCEPROGRAM
823,FLEXIBLESCHEDULE
824,RSU
825,401(K)
826,401(K)MATCHING
827,HEALTHINSURANCE
828,VISIONINSURANCE
829,PAIDTIMEOFF
830,FLEXIBLESCHEDULE
831,UNLIMITEDPAIDTIMEOFF
832,401(K)
833,401(K)MATCHING
834,HEALTHINSURANCE
835,DENTALINSURANCE
836,FLEXIBLESPENDINGACCOUNT
837,VISIONINSURANCE
838,PAIDTIMEOFF
839,FLEXIBLESCHEDULE
840,LIFEINSURANCE
841,PROFESSIONALDEVELOPMENTASSISTANCE
842,401(K)
843,HEALTHINSURANCE
844,PAIDPARENTALLEAVE
845,FLEXIBLESPENDINGACCOUNT
846,PAIDTIMEOFF
847,FLEXIBLESCHEDULE
848,PARENTALLEAVE
849,HEALTHSAVINGSACCOUNT
850,401(K)
851,TUITIONREIMBURSEMENT
852,401(K)MATCHING
853,HEALTHINSURANCE
854,WORKFROMHOME
855,DENTALINSURANCE
856,FLEXIBLESPENDINGACCOUNT
857,VISIONINSURANCE
858,LIFEINSURANCE
859,HEALTHSAVINGSACCOUNT
860,UNLIMITEDPAIDTIMEOFF
861,401(K)
862,STOCKOPTIONS
863,401(K)MATCHING
864,HEALTHINSURANCE
865,DISABILITYINSURANCE
866,FLEXIBLESCHEDULE
867,DENTALINSURANCE
868,FLEXIBLESPENDINGACCOUNT
869,VISIONINSURANCE
870,PAIDTIMEOFF
871,EMPLOYEEASSISTANCEPROGRAM
872,INTERNETREIMBURSEMENT
873,401(K)
874,401(K)MATCHING
875,HEALTHINSURANCE
876,AD&DINSURANCE
877,CELLPHONEREIMBURSEMENT
878,PAIDPARENTALLEAVE
879,PAIDSICKTIME
880,DENTALINSURANCE
881,VISIONINSURANCE
882,PAIDTIMEOFF
883,LIFEINSURANCE
884,PARENTALLEAVE
885,401(K)
886,TUITIONREIMBURSEMENT
887,HEALTHINSURANCE
888,DISABILITYINSURANCE
889,DENTALINSURANCE
890,FLEXIBLESPENDINGACCOUNT
891,VISIONINSURANCE
892,PAIDTIMEOFF
893,FLEXIBLESCHEDULE
894,LIFEINSURANCE
895,PARENTALLEAVE
896,401(K)
897,TUITIONREIMBURSEMENT
898,401(K)MATCHING
899,HEALTHINSURANCE
900,FOODPROVIDED
901,DENTALINSURANCE
902,FLEXIBLESPENDINGACCOUNT
903,VISIONINSURANCE
904,PAIDTIMEOFF
905,FLEXIBLESCHEDULE
906,LIFEINSURANCE
907,PROFESSIONALDEVELOPMENTASSISTANCE
908,RETIREMENTPLAN
909,401(K)
910,HEALTHINSURANCE
911,DISABILITYINSURANCE
912,PAIDPARENTALLEAVE
913,DENTALINSURANCE
914,VISIONINSURANCE
915,PAIDTIMEOFF
916,LIFEINSURANCE
917,PARENTALLEAVE
918,PROFESSIONALDEVELOPMENTASSISTANCE
919,UNLIMITEDPAIDTIMEOFF
920,401(K)
921,401(K)MATCHING
922,HEALTHINSURANCE
923,DISABILITYINSURANCE
924,FREEPARKING
925,DENTALINSURANCE
926,VISIONINSURANCE
927,PAIDTIMEOFF
928,457(B)
929,EMPLOYEEASSISTANCEPROGRAM
930,LIFEINSURANCE
931,LOANFORGIVENESS
932,HEALTHSAVINGSACCOUNT
933,401(K)
934,TUITIONREIMBURSEMENT
935,401(K)MATCHING
936,HEALTHINSURANCE
937,REFERRALPROGRAM
938,DENTALINSURANCE
939,HEALTHINSURANCE
940,401(K)
941,DENTALINSURANCE
942,FLEXIBLESPENDINGACCOUNT
943,VISIONINSURANCE
944,PAIDTIMEOFF
945,LIFEINSURANCE
946,HEALTHSAVINGSACCOUNT
947,RETIREMENTPLAN
948,401(K)
949,TUITIONREIMBURSEMENT
950,HEALTHINSURANCE
951,DENTALINSURANCE
952,VISIONINSURANCE
953,PAIDTIMEOFF
954,HEALTHSAVINGSACCOUNT
955,401(K)
956,401(K)MATCHING
957,HEALTHINSURANCE
958,FLEXIBLESCHEDULE
959,VISIONINSURANCE
960,DENTALINSURANCE
961,HEALTHINSURANCE
962,VISIONINSURANCE
963,DENTALINSURANCE
964,LIFEINSURANCE
965,401(K)
966,401(K)MATCHING
967,HEALTHINSURANCE
968,DENTALINSURANCE
969,VISIONINSURANCE
970,PAIDTIMEOFF
971,401(K)
972,WORKFROMHOME
973,401(K)MATCHING
974,HEALTHINSURANCE
975,DENTALINSURANCE
976,VISIONINSURANCE
977,EMPLOYEEASSISTANCEPROGRAM
978,401(K)3%MATCH
979,UNLIMITEDPAIDTIMEOFF
980,401(K)
981,STOCKOPTIONS
982,TUITIONREIMBURSEMENT
983,401(K)MATCHING
984,HEALTHINSURANCE
985,DISABILITYINSURANCE
986,WORKFROMHOME
987,PAIDTRAINING
988,FLEXIBLESCHEDULE
989,TUITIONREIMBURSEMENT
990,VISIONINSURANCE
991,DENTALINSURANCE
992,HEALTHINSURANCE
993,VISIONINSURANCE
994,DENTALINSURANCE
995,LIFEINSURANCE
996,401(K)
997,TUITIONREIMBURSEMENT
998,401(K)MATCHING
999,HEALTHINSURANCE
1000,REFERRALPROGRAM
1001,DENTALINSURANCE
1002,VISIONINSURANCE
1003,PAIDTIMEOFF
1004,401(K)
1005,TUITIONREIMBURSEMENT
1006,401(K)MATCHING
1007,HEALTHINSURANCE
1008,PAIDPARENTALLEAVE
1009,DENTALINSURANCE
1010,VISIONINSURANCE
1011,PAIDTIMEOFF
1012,EMPLOYEEASSISTANCEPROGRAM
1013,LIFEINSURANCE
1014,PARENTALLEAVE
1015,401(K)
1016,TUITIONREIMBURSEMENT
1017,401(K)MATCHING
1018,HEALTHINSURANCE
1019,PARENTALLEAVE
1020,401(K)
1021,DENTALINSURANCE
1022,VISIONINSURANCE
1023,PAIDTIMEOFF
1024,FLEXIBLESCHEDULE
1025,HEALTHSAVINGSACCOUNT
1026,401(K)
1027,401(K)MATCHING
1028,HEALTHINSURANCE
1029,DENTALINSURANCE
1030,FLEXIBLESPENDINGACCOUNT
1031,VISIONINSURANCE
1032,PAIDTIMEOFF
1033,EMPLOYEEASSISTANCEPROGRAM
1034,FLEXIBLESCHEDULE
1035,LIFEINSURANCE
1036,PARENTALLEAVE
1037,PROFESSIONALDEVELOPMENTASSISTANCE
1038,EMPLOYEEDISCOUNT
1039,HEALTHSAVINGSACCOUNT
1040,401(K)
1041,TUITIONREIMBURSEMENT
1042,401(K)MATCHING
1043,HEALTHINSURANCE
1044,REFERRALPROGRAM
1045,401(K)
1046,VISIONINSURANCE
1047,DENTALINSURANCE
1048,401(K)
1049,TUITIONREIMBURSEMENT
1050,HEALTHINSURANCE
1051,DENTALINSURANCE
1052,VISIONINSURANCE
1053,PAIDTIMEOFF
1054,401(K)
1055,401(K)MATCHING
1056,HEALTHINSURANCE
1057,DISABILITYINSURANCE
1058,PAIDPARENTALLEAVE
1059,OPPORTUNITIESFORADVANCEMENT
1060,DENTALINSURANCE
1061,VISIONINSURANCE
1062,PAIDTIMEOFF
1063,FLEXIBLESCHEDULE
1064,PARENTALLEAVE
1065,STOREDISCOUNT
1066,401(K)
1067,401(K)MATCHING
1068,HEALTHINSURANCE
1069,DISABILITYINSURANCE
1070,EMPLOYEESTOCKPURCHASEPLAN
1071,DENTALINSURANCE
1072,FLEXIBLESPENDINGACCOUNT
1073,VISIONINSURANCE
1074,PAIDTIMEOFF
1075,EMPLOYEEASSISTANCEPROGRAM
1076,HEALTHSAVINGSACCOUNT
1077,401(K)
1078,TUITIONREIMBURSEMENT
1079,401(K)MATCHING
1080,HEALTHINSURANCE
1081,DISABILITYINSURANCE
1082,VISASPONSORSHIP
1083,PAIDPARENTALLEAVE
1084,DENTALINSURANCE
1085,VISIONINSURANCE
1086,PAIDTIMEOFF
1087,GYMMEMBERSHIP
1088,LIFEINSURANCE
1089,PARENTALLEAVE
1090,CONTINUINGEDUCATIONCREDITS
1091,UNLIMITEDPAIDTIMEOFF
1092,401(K)
1093,COMMUTERASSISTANCE
1094,HEALTHINSURANCE
1095,VISIONINSURANCE
1096,DENTALINSURANCE
1097,PAIDTIMEOFF
1098,FLEXIBLESCHEDULE
1099,LIFEINSURANCE
1100,PROFESSIONALDEVELOPMENTASSISTANCE
1101,RETIREMENTPLAN
1102,TUITIONREIMBURSEMENT
1103,HEALTHINSURANCE
1104,DENTALINSURANCE
1105,FLEXIBLESPENDINGACCOUNT
1106,VISIONINSURANCE
1107,PAIDTIMEOFF
1108,LIFEINSURANCE
1109,REFERRALPROGRAM
1110,401(K)
1111,401(K)MATCHING
1112,HEALTHINSURANCE
1113,AD&DINSURANCE
1114,OPPORTUNITIESFORADVANCEMENT
1115,VISIONINSURANCE
1116,DENTALINSURANCE
1117,PAIDTIMEOFF
1118,401(K)
1119,401(K)MATCHING
1120,DISABILITYINSURANCE
1121,EMPLOYEESTOCKPURCHASEPLAN
1122,PAIDPARENTALLEAVE
1123,DENTALINSURANCE
1124,VISIONINSURANCE
1125,PAIDTIMEOFF
1126,PARENTALLEAVE
1127,401(K)
1128,PETINSURANCE
1129,TUITIONREIMBURSEMENT
1130,401(K)MATCHING
1131,HEALTHINSURANCE
1132,DENTALINSURANCE
1133,HEALTHINSURANCE
1134,401(K)
1135,DENTALINSURANCE
1136,PAIDTIMEOFF
1137,PRESCRIPTIONDRUGINSURANCE
1138,PARENTALLEAVE
1139,EMPLOYEEDISCOUNT
1140,TUITIONREIMBURSEMENT
1141,HEALTHINSURANCE
1142,VISIONINSURANCE
1143,PAIDTIMEOFF
1144,FLEXIBLESCHEDULE
1145,LIFEINSURANCE
1146,401(K)
1147,401(K)MATCHING
1148,HEALTHINSURANCE
1149,DISABILITYINSURANCE
1150,OPPORTUNITIESFORADVANCEMENT
1151,DENTALINSURANCE
1152,HEALTHINSURANCE
1153,ON-THE-JOBTRAINING
1154,HEALTHINSURANCE
1155,VISIONINSURANCE
1156,DENTALINSURANCE
1157,PAIDTIMEOFF
1158,FLEXIBLESCHEDULE
1159,LIFEINSURANCE
1160,401(K)
1161,401(K)MATCHING
1162,HEALTHINSURANCE
1163,REFERRALPROGRAM
1164,VISIONINSURANCE
1165,DENTALINSURANCE
1166,HEALTHINSURANCE
1167,PAIDTIMEOFF
1168,VISIONINSURANCE
1169,DENTALINSURANCE
1170,PAIDTIMEOFF
1171,401(K)
1172,HEALTHINSURANCE
1173,PAIDSICKTIME
1174,DENTALINSURANCE
1175,FLEXIBLESPENDINGACCOUNT
1176,VISIONINSURANCE
1177,LIFEINSURANCE
1178,PARENTALLEAVE
1179,401(K)
1180,401(K)MATCHING
1181,HEALTHINSURANCE
1182,DISABILITYINSURANCE
1183,FLEXIBLESPENDINGACCOUNT
1184,FLEXIBLESCHEDULE
1185,PARENTALLEAVE
1186,RELOCATIONASSISTANCE
1187,TUITIONREIMBURSEMENT
1188,VISIONINSURANCE
1189,DENTALINSURANCE
1190,401(K)
1191,401(K)MATCHING
1192,HEALTHINSURANCE
1193,DENTALINSURANCE
1194,FLEXIBLESPENDINGACCOUNT
1195,VISIONINSURANCE
1196,PAIDTIMEOFF
1197,LIFEINSURANCE
1198,PARENTALLEAVE
1199,HEALTHSAVINGSACCOUNT
1200,401(K)
1201,TUITIONREIMBURSEMENT
1202,401(K)MATCHING
1203,HEALTHINSURANCE
1204,VISIONINSURANCE
1205,DENTALINSURANCE
1206,PAIDTIMEOFF
1207,FLEXIBLESCHEDULE
1208,401(K)
1209,401(K)MATCHING
1210,HEALTHINSURANCE
1211,DENTALINSURANCE
1212,FLEXIBLESPENDINGACCOUNT
1213,VISIONINSURANCE
1214,LIFEINSURANCE
1215,HEALTHSAVINGSACCOUNT
1216,RETIREMENTPLAN
1217,HEALTHINSURANCE
1218,DISABILITYINSURANCE
1219,PAIDPARENTALLEAVE
1220,DENTALINSURANCE
1221,FLEXIBLESPENDINGACCOUNT
1222,VISIONINSURANCE
1223,WORKFROMHOME
1224,PARENTALLEAVE
1225,401(K)
1226,STOCKOPTIONS
1227,HEALTHINSURANCE
1228,DISABILITYINSURANCE
1229,VISIONINSURANCE
1230,DENTALINSURANCE
1231,PAIDTIMEOFF
1232,LIFEINSURANCE
1233,401(K)
1234,401(K)MATCHING
1235,HEALTHINSURANCE
1236,VISIONINSURANCE
1237,DENTALINSURANCE
1238,PAIDTIMEOFF
1239,401(K)
1240,HEALTHINSURANCE
1241,DENTALINSURANCE
1242,FLEXIBLESPENDINGACCOUNT
1243,VISIONINSURANCE
1244,PAIDTIMEOFF
1245,EMPLOYEEASSISTANCEPROGRAM
1246,PARENTALLEAVE
1247,401(K)
1248,TUITIONREIMBURSEMENT
1249,401(K)MATCHING
1250,HEALTHINSURANCE
1251,VISIONINSURANCE
1252,DENTALINSURANCE
1253,PAIDTIMEOFF
1254,401(K)
1255,401(K)MATCHING
1256,HEALTHINSURANCE
1257,OPPORTUNITIESFORADVANCEMENT
1258,VISIONINSURANCE
1259,DENTALINSURANCE
1260,PAIDTIMEOFF
1261,RETIREMENTPLAN
1262,401(K)
1263,HEALTHINSURANCE
1264,VISIONINSURANCE
1265,DENTALINSURANCE
1266,EMPLOYEEDISCOUNT
1267,401(K)
1268,401(K)MATCHING
1269,HEALTHINSURANCE
1270,VISIONINSURANCE
1271,DENTALINSURANCE
1272,PAIDTIMEOFF
1273,FLEXIBLESCHEDULE
1274,LIFEINSURANCE
1275,401(K)
1276,401(K)MATCHING
1277,HEALTHINSURANCE
1278,REFERRALPROGRAM
1279,PAIDPARENTALLEAVE
1280,DENTALINSURANCE
1281,FLEXIBLESPENDINGACCOUNT
1282,VISIONINSURANCE
1283,GYMMEMBERSHIP
1284,LIFEINSURANCE
1285,PARENTALLEAVE
1286,HEALTHSAVINGSACCOUNT
1287,UNLIMITEDPAIDTIMEOFF
1288,401(K)
1289,STOCKOPTIONS
1290,TUITIONREIMBURSEMENT
1291,HEALTHINSURANCE
1292,AD&DINSURANCE
1293,DISABILITYINSURANCE
1294,CONTINUINGEDUCATIONCREDITS
1295,OPPORTUNITIESFORADVANCEMENT
1296,CONTINUINGEDUCATIONCREDITS
1297,WELLNESSPROGRAM
1298,HEALTHINSURANCE
1299,401(K)
1300,VISIONINSURANCE
1301,DENTALINSURANCE
1302,PAIDTIMEOFF
1303,PARENTALLEAVE
1304,HEALTHINSURANCE
1305,FLEXIBLESPENDINGACCOUNT
1306,PAIDTIMEOFF
1307,RETIREMENTPLAN
1308,TUITIONREIMBURSEMENT
1309,HEALTHINSURANCE
1310,FLEXIBLESCHEDULE
1311,RELOCATIONASSISTANCE
1312,VISIONINSURANCE
1313,DENTALINSURANCE
1314,PAIDTIMEOFF
1315,401(K)
1316,HEALTHINSURANCE
1317,PAIDTIMEOFF
1318,LIFEINSURANCE
1319,PARENTALLEAVE
1320,RETIREMENTPLAN
1321,HEALTHINSURANCE
1322,DISABILITYINSURANCE
1323,VISIONINSURANCE
1324,PAIDTIMEOFF
1325,PARENTALLEAVE
1326,401(K)
1327,401(K)MATCHING
1328,HEALTHINSURANCE
1329,DISABILITYINSURANCE
1330,PROFITSHARING
1331,DENTALINSURANCE
1332,HEALTHINSURANCE
1333,EMPLOYEESTOCKOWNERSHIPPLAN
1334,DENTALINSURANCE
1335,VISIONINSURANCE
1336,PAIDTIMEOFF
1337,LIFEINSURANCE
1338,401(K)
1339,TUITIONREIMBURSEMENT
1340,401(K)MATCHING
1341,HEALTHINSURANCE
1342,CASHBALANCEPENSIONPLAN
1343,DENTALINSURANCE
1344,FLEXIBLESPENDINGACCOUNT
1345,VISIONINSURANCE
1346,EMPLOYEEASSISTANCEPROGRAM
1347,FLEXIBLESCHEDULE
1348,LIFEINSURANCE
1349,PARENTALLEAVE
1350,EMPLOYEEDISCOUNT
1351,HEALTHSAVINGSACCOUNT
1352,RETIREMENTPLAN
1353,401(K)
1354,401(K)MATCHING
1355,HEALTHINSURANCE
1356,REFERRALPROGRAM
1357,EMPLOYEESTOCKPURCHASEPLAN
1358,PAIDPARENTALLEAVE
1359,HAPPYHOUR
1360,DENTALINSURANCE
1361,VISIONINSURANCE
1362,PAIDTIMEOFF
1363,PARENTALLEAVE
1364,401(K)
1365,WORKFROMHOME
1366,401(K)MATCHING
1367,HEALTHINSURANCE
1368,ON-THE-JOBTRAINING
1369,FREEPARKING
1370,VISIONINSURANCE
1371,FLEXIBLESPENDINGACCOUNT
1372,PAIDSICKTIME
1373,PAIDTIMEOFF
1374,WELLNESSPROGRAM
1375,LIFEINSURANCE
1376,HEALTHSAVINGSACCOUNT
1377,401(K)
1378,PETINSURANCE
1379,TUITIONREIMBURSEMENT
1380,401(K)MATCHING
1381,HEALTHINSURANCE
1382,AD&DINSURANCE
1383,DISABILITYINSURANCE
1384,VISIONINSURANCE
1385,DENTALINSURANCE
1386,PAIDTIMEOFF
1387,FLEXIBLESCHEDULE
1388,LIFEINSURANCE
1389,401(K)
1390,401(K)MATCHING
1391,HEALTHINSURANCE
1392,REFERRALPROGRAM
1393,VISIONINSURANCE
1394,FLEXIBLESPENDINGACCOUNT
1395,PAIDTIMEOFF
1396,EMPLOYEEASSISTANCEPROGRAM
1397,LIFEINSURANCE
1398,PARENTALLEAVE
1399,BEREAVEMENTLEAVE
1400,HEALTHSAVINGSACCOUNT
1401,UNLIMITEDPAIDTIMEOFF
1402,401(K)
1403,PETINSURANCE
1404,TUITIONREIMBURSEMENT
1405,CAREGIVERLEAVE
1406,401(K)MATCHING
1407,HEALTHINSURANCE
1408,AD&DINSURANCE
1409,DISABILITYINSURANCE
1410,EMPLOYEEASSISTANCEPROGRAM
1411,ADOPTIONASSISTANCE
1412,EMPLOYEEDISCOUNT
1413,HEALTHSAVINGSACCOUNT
1414,401(K)
1415,TUITIONREIMBURSEMENT
1416,HEALTHINSURANCE
1417,DENTALINSURANCE
1418,VISIONINSURANCE
1419,PAIDTIMEOFF
1420,FLEXIBLESCHEDULE
1421,LIFEINSURANCE
1422,401(K)
1423,STOCKOPTIONS
1424,401(K)MATCHING
1425,HEALTHINSURANCE
1426,DISABILITYINSURANCE
1427,DENTALINSURANCE
1428,FLEXIBLESPENDINGACCOUNT
1429,VISIONINSURANCE
1430,PAIDTIMEOFF
1431,FLEXIBLESCHEDULE
1432,LIFEINSURANCE
1433,PARENTALLEAVE
1434,PROFESSIONALDEVELOPMENTASSISTANCE
1435,EMPLOYEEDISCOUNT
1436,HEALTHSAVINGSACCOUNT
1437,RETIREMENTPLAN
1438,401(K)
1439,STOCKOPTIONS
1440,TUITIONREIMBURSEMENT
1441,401(K)MATCHING
1442,HEALTHINSURANCE
1443,REFERRALPROGRAM
1444,FOODPROVIDED
1445,DENTALINSURANCE
1446,FLEXIBLESPENDINGACCOUNT
1447,VISIONINSURANCE
1448,PAIDTIMEOFF
1449,401(K)
1450,HEALTHINSURANCE
1451,DISABILITYINSURANCE
1452,DENTALINSURANCE
1453,FLEXIBLESPENDINGACCOUNT
1454,VISIONINSURANCE
1455,PAIDTIMEOFF
1456,EMPLOYEEASSISTANCEPROGRAM
1457,LIFEINSURANCE
1458,HEALTHSAVINGSACCOUNT
1459,401(K)
1460,TUITIONREIMBURSEMENT
1461,401(K)MATCHING
1462,HEALTHINSURANCE
1463,DENTALINSURANCE
1464,HEALTHINSURANCE
1465,PAIDTIMEOFF
1466,DENTALINSURANCE
1467,FLEXIBLESPENDINGACCOUNT
1468,PAIDTIMEOFF
1469,FLEXIBLESCHEDULE
1470,PARENTALLEAVE
1471,PROFESSIONALDEVELOPMENTASSISTANCE
1472,401(K)
1473,HEALTHINSURANCE
1474,PAIDPARENTALLEAVE
1475,FREEPARKING
1476,DENTALINSURANCE
1477,FLEXIBLESPENDINGACCOUNT
1478,VISIONINSURANCE
1479,PAIDTIMEOFF
1480,EMPLOYEEASSISTANCEPROGRAM
1481,FLEXIBLESCHEDULE
1482,LIFEINSURANCE
1483,PARENTALLEAVE
1484,HEALTHSAVINGSACCOUNT
1485,401(K)
1486,TUITIONREIMBURSEMENT
1487,401(K)MATCHING
1488,HEALTHINSURANCE
1489,REFERRALPROGRAM
1490,DISABILITYINSURANCE
1491,EMPLOYEESTOCKPURCHASEPLAN
1492,DENTALINSURANCE
1493,VISIONINSURANCE
1494,PAIDTIMEOFF
1495,401(K)
1496,HEALTHINSURANCE
1497,DISABILITYINSURANCE
1498,DENTALINSURANCE
1499,VISIONINSURANCE
1500,PAIDTIMEOFF
1501,LIFEINSURANCE
1502,401(K)
1503,401(K)MATCHING
1504,HEALTHINSURANCE
1505,DISABILITYINSURANCE
1506,PAIDPARENTALLEAVE
1507,OPPORTUNITIESFORADVANCEMENT
1508,DENTALINSURANCE
1509,VISIONINSURANCE
1510,PAIDTIMEOFF
1511,FAMILYLEAVE
1512,UNLIMITEDPAIDTIMEOFF
1513,401(K)
1514,STOCKOPTIONS
1515,401(K)MATCHING
1516,HEALTHINSURANCE
1517,DENTALINSURANCE
1518,FLEXIBLESPENDINGACCOUNT
1519,VISIONINSURANCE
1520,PAIDTIMEOFF
1521,LIFEINSURANCE
1522,RETIREMENTPLAN
1523,HEALTHINSURANCE
1524,DISABILITYINSURANCE
1525,WORKFROMHOME
1526,FLEXIBLESCHEDULE
1527,DENTALINSURANCE
1528,VISIONINSURANCE
1529,PAIDTIMEOFF
1530,EMPLOYEEASSISTANCEPROGRAM
1531,CELLPHONEREIMBURSEMENT
1532,ON-THE-JOBTRAINING
1533,LIFEINSURANCE
1534,HEALTHSAVINGSACCOUNT
1535,401(K)
1536,401(K)MATCHING
1537,HEALTHINSURANCE
1538,DISABILITYINSURANCE
1539,DENTALINSURANCE
1540,VISIONINSURANCE
1541,PAIDTIMEOFF
1542,LIFEINSURANCE
1543,401(K)
1544,HEALTHINSURANCE
1545,DISABILITYINSURANCE
1546,VISIONINSURANCE
1547,DENTALINSURANCE
1548,PAIDTIMEOFF
1549,WORKFROMHOME
1550,HEALTHINSURANCE
1551,DENTALINSURANCE
1552,FLEXIBLESPENDINGACCOUNT
1553,VISIONINSURANCE
1554,PAIDTIMEOFF
1555,EMPLOYEEASSISTANCEPROGRAM
1556,LIFEINSURANCE
1557,INTERNETREIMBURSEMENT
1558,EMPLOYEEDISCOUNT
1559,401(K)
1560,PETINSURANCE
1561,401(K)5%MATCH
1562,TUITIONREIMBURSEMENT
1563,401(K)MATCHING
1564,HEALTHINSURANCE
1565,DISABILITYINSURANCE
1566,DENTALINSURANCE
1567,FLEXIBLESPENDINGACCOUNT
1568,VISIONINSURANCE
1569,PAIDTIMEOFF
1570,FLEXIBLESCHEDULE
1571,HEALTHSAVINGSACCOUNT
1572,401(K)
1573,WORKFROMHOME
1574,401(K)MATCHING
1575,HEALTHINSURANCE
1576,VISIONINSURANCE
1577,DENTALINSURANCE
1578,PAIDTIMEOFF
1579,401(K)
1580,HEALTHINSURANCE
1581,DENTALINSURANCE
1582,VISIONINSURANCE
1583,EMPLOYEEASSISTANCEPROGRAM
1584,LIFEINSURANCE
1585,UNLIMITEDPAIDTIMEOFF
1586,401(K)
1587,HEALTHINSURANCE
1588,AD&DINSURANCE
1589,DISABILITYINSURANCE
1590,DENTALINSURANCE
1591,VISIONINSURANCE
1592,PAIDTIMEOFF
1593,LIFEINSURANCE
1594,PARENTALLEAVE
1595,401(K)
1596,WORKFROMHOME
1597,TUITIONREIMBURSEMENT
1598,401(K)MATCHING
1599,HEALTHINSURANCE
1600,VISIONINSURANCE
1601,HEALTHINSURANCE
1602,DISABILITYINSURANCE
1603,DENTALINSURANCE
1604,FLEXIBLESPENDINGACCOUNT
1605,VISIONINSURANCE
1606,PAIDTIMEOFF
1607,FLEXIBLESCHEDULE
1608,LIFEINSURANCE
1609,HEALTHSAVINGSACCOUNT
1610,401(K)
1611,TUITIONREIMBURSEMENT
1612,401(K)MATCHING
1613,HEALTHINSURANCE
1614,VISIONINSURANCE
1615,DENTALINSURANCE
1616,EMPLOYEEASSISTANCEPROGRAM
1617,PAIDTIMEOFF
1618,LIFEINSURANCE
1619,RETIREMENTPLAN
1620,HEALTHINSURANCE
1621,PAIDPARENTALLEAVE
1622,PAIDSICKTIME
1623,DENTALINSURANCE
1624,VISIONINSURANCE
1625,LIFEINSURANCE
1626,PARENTALLEAVE
1627,401(K)
1628,HEALTHINSURANCE
1629,DISABILITYINSURANCE
1630,401(K)MATCHING
1631,PAIDTIMEOFF
1632,401(K)
1633,PROFITSHARING
1634,DENTALINSURANCE
1635,VISIONINSURANCE
1636,PAIDTIMEOFF
1637,401(K)
1638,401(K)MATCHING
1639,HEALTHINSURANCE
1640,DENTALINSURANCE
1641,FLEXIBLESPENDINGACCOUNT
1642,VISIONINSURANCE
1643,PAIDTIMEOFF
1644,EMPLOYEEASSISTANCEPROGRAM
1645,FLEXIBLESCHEDULE
1646,LIFEINSURANCE
1647,PROFESSIONALDEVELOPMENTASSISTANCE
1648,EMPLOYEEDISCOUNT
1649,HEALTHSAVINGSACCOUNT
1650,RETIREMENTPLAN
1651,401(K)
1652,TUITIONREIMBURSEMENT
1653,401(K)MATCHING
1654,HEALTHINSURANCE
1655,REFERRALPROGRAM
1656,DENTALINSURANCE
1657,VISASPONSORSHIP
1658,VISIONINSURANCE
1659,GYMMEMBERSHIP
1660,UNLIMITEDPAIDTIMEOFF
1661,401(K)
1662,COMMUTERASSISTANCE
1663,HEALTHINSURANCE
1664,HAPPYHOUR
1665,OPPORTUNITIESFORADVANCEMENT
1666,PAIDTIMEOFF
1667,DENTALINSURANCE
1668,VISIONINSURANCE
1669,FAMILYLEAVE
1670,UNLIMITEDPAIDTIMEOFF
1671,RETIREMENTPLAN
1672,HEALTHINSURANCE
1673,DISABILITYINSURANCE
1674,PAIDPARENTALLEAVE
1675,PAIDSICKTIME
1676,DENTALINSURANCE
1677,VISIONINSURANCE
1678,LIFEINSURANCE
1679,FUELCARD
1680,PARENTALLEAVE
1681,401(K)
1682,HEALTHINSURANCE
1683,DISABILITYINSURANCE
1684,EMPLOYEEASSISTANCEPROGRAM
1685,403(B)
1686,HEALTHSAVINGSACCOUNT
1687,401(K)
1688,HEALTHINSURANCE
1689,DENTALINSURANCE
1690,FLEXIBLESPENDINGACCOUNT
1691,VISIONINSURANCE
1692,PAIDTIMEOFF
1693,LIFEINSURANCE
1694,HEALTHSAVINGSACCOUNT
1695,UNLIMITEDPAIDTIMEOFF
1696,401(K)
1697,401(K)MATCHING
1698,HEALTHINSURANCE
1699,DISABILITYINSURANCE
1700,DENTALINSURANCE
1701,HEALTHINSURANCE
1702,401(K)
1703,PAIDTIMEOFF
1704,HEALTHINSURANCE
1705,401(K)MATCHING
1706,401(K)
1707,VISIONINSURANCE
1708,DENTALINSURANCE
1709,PAIDTIMEOFF
1710,FLEXIBLESCHEDULE
1711,LIFEINSURANCE
1712,401(K)
1713,401(K)MATCHING
1714,HEALTHINSURANCE
1715,DENTALINSURANCE
1716,HEALTHINSURANCE
1717,DISABILITYINSURANCE
1718,PAIDTIMEOFF
1719,PAIDPARENTALLEAVE
1720,DENTALINSURANCE
1721,VISIONINSURANCE
1722,PAIDTIMEOFF
1723,WELLNESSPROGRAM
1724,PARENTALLEAVE
1725,CONTINUINGEDUCATIONCREDITS
1726,401(K)
1727,401(K)MATCHING
1728,HEALTHINSURANCE
1729,REFERRALPROGRAM
1730,VISIONINSURANCE
1731,DENTALINSURANCE
1732,401(K)
1733,401(K)MATCHING
1734,HEALTHINSURANCE
1735,VISIONINSURANCE
1736,DENTALINSURANCE
1737,PAIDTIMEOFF
1738,LIFEINSURANCE
1739,RETIREMENTPLAN
1740,401(K)
1741,HEALTHINSURANCE
1742,DENTALINSURANCE
1743,VISIONINSURANCE
1744,PAIDTIMEOFF
1745,FAMILYLEAVE
1746,LIFEINSURANCE
1747,401(K)
1748,HEALTHINSURANCE
1749,DISABILITYINSURANCE
1750,PAIDPARENTALLEAVE
1751,DENTALINSURANCE
1752,VISIONINSURANCE
1753,PAIDTIMEOFF
1754,LIFEINSURANCE
1755,PARENTALLEAVE
1756,401(K)
1757,401(K)MATCHING
1758,HEALTHINSURANCE
1759,DISABILITYINSURANCE
1760,PROFITSHARING
1761,401(K)MATCHING
1762,401(K)
1763,WORKFROMHOME
1764,DENTALINSURANCE
1765,VISIONINSURANCE
1766,PAIDTIMEOFF
1767,FLEXIBLESCHEDULE
1768,HEALTHSAVINGSACCOUNT
1769,401(K)
1770,401(K)MATCHING
1771,HEALTHINSURANCE
1772,PAIDSICKTIME
1773,VISIONINSURANCE
1774,DENTALINSURANCE
1775,FLEXIBLESCHEDULE
1776,HEALTHINSURANCE
1777,DISABILITYINSURANCE
1778,HEALTHINSURANCE
1779,DISABILITYINSURANCE
1780,PAIDTIMEOFF
1781,PROFITSHARING
1782,DENTALINSURANCE
1783,VISIONINSURANCE
1784,PAIDTIMEOFF
1785,LIFEINSURANCE
1786,401(K)
1787,TUITIONREIMBURSEMENT
1788,401(K)MATCHING
1789,HEALTHINSURANCE
1790,DISABILITYINSURANCE
1791,OPPORTUNITIESFORADVANCEMENT
1792,DENTALINSURANCE
1793,VISIONINSURANCE
1794,PAIDTIMEOFF
1795,401(K)
1796,WORKFROMHOME
1797,TUITIONREIMBURSEMENT
1798,401(K)MATCHING
1799,HEALTHINSURANCE
1800,DISABILITYINSURANCE
1801,PAIDSICKTIME
1802,DENTALINSURANCE
1803,VISIONINSURANCE
1804,PAIDTIMEOFF
1805,EMPLOYEEASSISTANCEPROGRAM
1806,WELLNESSPROGRAM
1807,LIFEINSURANCE
1808,PARENTALLEAVE
1809,401(K)
1810,PETINSURANCE
1811,TUITIONREIMBURSEMENT
1812,401(K)MATCHING
1813,HEALTHINSURANCE
1814,DISABILITYINSURANCE
1815,PARENTALLEAVE
1816,HEALTHINSURANCE
1817,401(K)
1818,PETINSURANCE
1819,PROFITSHARING
1820,VISIONINSURANCE
1821,PAIDTIMEOFF
1822,ADOPTIONASSISTANCE
1823,401(K)
1824,TUITIONREIMBURSEMENT
1825,401(K)MATCHING
1826,HEALTHINSURANCE
1827,DISABILITYINSURANCE
1828,DENTALINSURANCE
1829,FLEXIBLESPENDINGACCOUNT
1830,VISIONINSURANCE
1831,PAIDTIMEOFF
1832,EMPLOYEEASSISTANCEPROGRAM
1833,FLEXIBLESCHEDULE
1834,LIFEINSURANCE
1835,PARENTALLEAVE
1836,PROFESSIONALDEVELOPMENTASSISTANCE
1837,EMPLOYEEDISCOUNT
1838,HEALTHSAVINGSACCOUNT
1839,RELOCATIONASSISTANCE
1840,401(K)
1841,RETIREMENTPLAN
1842,TUITIONREIMBURSEMENT
1843,401(K)MATCHING
1844,HEALTHINSURANCE
1845,REFERRALPROGRAM
1846,PAIDTIMEOFF
1847,401(K)
1848,WORKFROMHOME
1849,401(K)MATCHING
1850,HEALTHINSURANCE
1851,DENTALINSURANCE
1852,FLEXIBLESPENDINGACCOUNT
1853,VISIONINSURANCE
1854,PAIDTIMEOFF
1855,LIFEINSURANCE
1856,HEALTHSAVINGSACCOUNT
1857,401(K)
1858,HEALTHINSURANCE
1859,PAIDTIMEOFF
1860,EMPLOYEEASSISTANCEPROGRAM
1861,ADOPTIONASSISTANCE
1862,PARENTALLEAVE
1863,CONTINUINGEDUCATIONCREDITS
1864,RETIREMENTPLAN
1865,TUITIONREIMBURSEMENT
1866,HEALTHINSURANCE
1867,DISABILITYINSURANCE
1868,EMPLOYEESTOCKPURCHASEPLAN
1869,PAIDTIMEOFF
1870,EMPLOYEEASSISTANCEPROGRAM
1871,PARENTALLEAVE
1872,401(K)
1873,HEALTHINSURANCE
1874,DENTALINSURANCE
1875,FLEXIBLESPENDINGACCOUNT
1876,PAIDTIMEOFF
1877,EMPLOYEEASSISTANCEPROGRAM
1878,FLEXIBLESCHEDULE
1879,LIFEINSURANCE
1880,PROFESSIONALDEVELOPMENTASSISTANCE
1881,HEALTHSAVINGSACCOUNT
1882,401(K)
1883,TUITIONREIMBURSEMENT
1884,401(K)MATCHING
1885,HEALTHINSURANCE
1886,DENTALINSURANCE
1887,HEALTHINSURANCE
1888,PAIDTIMEOFF
1889,DENTALINSURANCE
1890,VISIONINSURANCE
1891,PAIDTIMEOFF
1892,LIFEINSURANCE
1893,401(K)
1894,401(K)MATCHING
1895,HEALTHINSURANCE
1896,DISABILITYINSURANCE
1897,PAIDPARENTALLEAVE
1898,VOLUNTEERTIMEOFF
1899,DENTALINSURANCE
1900,VISIONINSURANCE
1901,PAIDTIMEOFF
1902,PARENTALLEAVE
1903,401(K)
1904,401(K)MATCHING
1905,HEALTHINSURANCE
1906,DENTALINSURANCE
1907,VISIONINSURANCE
1908,PAIDTIMEOFF
1909,PAIDHOLIDAYS
1910,PRESCRIPTIONDRUGINSURANCE
1911,FAMILYLEAVE
1912,LIFEINSURANCE
1913,HEALTHSAVINGSACCOUNT
1914,RETIREMENTPLAN
1915,401(K)
1916,WORKFROMHOME
1917,401(K)MATCHING
1918,HEALTHINSURANCE
1919,DISABILITYINSURANCE
1920,401(K)MATCHING
1921,401(K)
1922,PAIDPARENTALLEAVE
1923,DENTALINSURANCE
1924,VISIONINSURANCE
1925,PAIDTIMEOFF
1926,LIFEINSURANCE
1927,PARENTALLEAVE
1928,UNLIMITEDPAIDTIMEOFF
1929,401(K)
1930,401(K)MATCHING
1931,HEALTHINSURANCE
1932,DISABILITYINSURANCE
1933,DENTALINSURANCE
1934,FLEXIBLESPENDINGACCOUNT
1935,VISIONINSURANCE
1936,PAIDTIMEOFF
1937,LIFEINSURANCE
1938,HEALTHSAVINGSACCOUNT
1939,401(K)
1940,TUITIONREIMBURSEMENT
1941,HEALTHINSURANCE
1942,DENTALINSURANCE
1943,VISIONINSURANCE
1944,PAIDTIMEOFF
1945,LIFEINSURANCE
1946,401(K)
1947,TUITIONREIMBURSEMENT
1948,401(K)MATCHING
1949,HEALTHINSURANCE
1950,CASHBALANCEPENSIONPLAN
1951,OPPORTUNITIESFORADVANCEMENT
1952,CONTINUINGEDUCATIONCREDITS
1953,OPPORTUNITIESFORADVANCEMENT
1954,VISIONINSURANCE
1955,DENTALINSURANCE
1956,HEALTHINSURANCE
1957,DENTALINSURANCE
1958,VISIONINSURANCE
1959,PAIDTIMEOFF
1960,401(K)
1961,HEALTHINSURANCE
1962,DISABILITYINSURANCE
1963,DENTALINSURANCE
1964,VISIONINSURANCE
1965,PAIDTIMEOFF
1966,LIFEINSURANCE
1967,HEALTHSAVINGSACCOUNT
1968,401(K)
1969,401(K)MATCHING
1970,HEALTHINSURANCE
1971,DENTALINSURANCE
1972,PAIDTIMEOFF
1973,RETIREMENTPLAN
1974,TUITIONREIMBURSEMENT
1975,HEALTHINSURANCE
1976,EMPLOYEESTOCKPURCHASEPLAN
1977,PAIDPARENTALLEAVE
1978,PAIDSICKTIME
1979,DENTALINSURANCE
1980,FLEXIBLESPENDINGACCOUNT
1981,VISIONINSURANCE
1982,PAIDTIMEOFF
1983,LIFEINSURANCE
1984,PARENTALLEAVE
1985,HEALTHSAVINGSACCOUNT
1986,RETIREMENTPLAN
1987,CAREGIVERLEAVE
1988,HEALTHINSURANCE
1989,AD&DINSURANCE
1990,DENTALINSURANCE
1991,FLEXIBLESPENDINGACCOUNT
1992,VISIONINSURANCE
1993,PAIDTIMEOFF
1994,RSU
1995,LIFEINSURANCE
1996,PARENTALLEAVE
1997,TRAVELREIMBURSEMENT
1998,401(K)
1999,401(K)MATCHING
2000,HEALTHINSURANCE
2001,DISABILITYINSURANCE
2002,HEALTHINSURANCE
2003,401(K)
2004,PROFITSHARING
2005,DENTALINSURANCE
2006,PAIDTIMEOFF
2007,LIFEINSURANCE
2008,401(K)
2009,HEALTHINSURANCE
2010,WORKFROMHOME
2011,401(K)MATCHING
2012,401(K)
2013,VISIONINSURANCE
2014,PAIDTIMEOFF
2015,401(K)
2016,HEALTHINSURANCE
2017,DISABILITYINSURANCE
2018,VISIONINSURANCE
2019,DENTALINSURANCE
2020,PAIDTIMEOFF
2021,FLEXIBLESCHEDULE
2022,LIFEINSURANCE
2023,401(K)
2024,401(K)MATCHING
2025,HEALTHINSURANCE
2026,REFERRALPROGRAM
2027,PAIDPARENTALLEAVE
2028,DENTALINSURANCE
2029,VISIONINSURANCE
2030,PARENTALLEAVE
2031,401(K)
2032,HEALTHINSURANCE
2033,DENTALINSURANCE
2034,HEALTHINSURANCE
2035,401(K)
2036,EMPLOYEESTOCKPURCHASEPLAN
2037,DENTALINSURANCE
2038,VISIONINSURANCE
2039,PAIDTIMEOFF
2040,401(K)
2041,HEALTHINSURANCE
2042,DISABILITYINSURANCE
2043,PAIDPARENTALLEAVE
2044,DENTALINSURANCE
2045,FLEXIBLESPENDINGACCOUNT
2046,VISIONINSURANCE
2047,EMPLOYEEASSISTANCEPROGRAM
2048,PARENTALLEAVE
2049,401(K)
2050,STOCKOPTIONS
2051,HEALTHINSURANCE
2052,AD&DINSURANCE
2053,DENTALINSURANCE
2054,VISIONINSURANCE
2055,PAIDTIMEOFF
2056,EMPLOYEEASSISTANCEPROGRAM
2057,LIFEINSURANCE
2058,TUITIONREIMBURSEMENT
2059,HEALTHINSURANCE
2060,DISABILITYINSURANCE
2061,CONTINUINGEDUCATIONCREDITS
2062,OPPORTUNITIESFORADVANCEMENT
2063,PAIDPARENTALLEAVE
2064,DENTALINSURANCE
2065,FLEXIBLESPENDINGACCOUNT
2066,VISIONINSURANCE
2067,PAIDTIMEOFF
2068,PARENTALLEAVE
2069,PAIDMILITARYLEAVE
2070,HEALTHSAVINGSACCOUNT
2071,PETINSURANCE
2072,401(K)
2073,MILITARYLEAVE
2074,401(K)MATCHING
2075,HEALTHINSURANCE
2076,DENTALINSURANCE
2077,FLEXIBLESPENDINGACCOUNT
2078,VISIONINSURANCE
2079,PAIDTIMEOFF
2080,EMPLOYEEASSISTANCEPROGRAM
2081,FLEXIBLESCHEDULE
2082,LIFEINSURANCE
2083,PARENTALLEAVE
2084,PROFESSIONALDEVELOPMENTASSISTANCE
2085,EMPLOYEEDISCOUNT
2086,HEALTHSAVINGSACCOUNT
2087,401(K)
2088,TUITIONREIMBURSEMENT
2089,401(K)MATCHING
2090,HEALTHINSURANCE
2091,REFERRALPROGRAM
2092,VISIONINSURANCE
2093,DENTALINSURANCE
2094,PAIDTIMEOFF
2095,LIFEINSURANCE
2096,401(K)
2097,401(K)MATCHING
2098,HEALTHINSURANCE
2099,DENTALINSURANCE
2100,VISIONINSURANCE
2101,PAIDTIMEOFF
2102,EMPLOYEEASSISTANCEPROGRAM
2103,LIFEINSURANCE
2104,401(K)
2105,401(K)MATCHING
2106,HEALTHINSURANCE
2107,REFERRALPROGRAM
2108,DISABILITYINSURANCE
2109,EMPLOYEESTOCKPURCHASEPLAN
2110,DENTALINSURANCE
2111,VISIONINSURANCE
2112,PAIDTIMEOFF
2113,401(K)
2114,HEALTHINSURANCE
2115,DISABILITYINSURANCE
2116,HEALTHINSURANCE
2117,DENTALINSURANCE
2118,VISIONINSURANCE
2119,EMPLOYEEASSISTANCEPROGRAM
2120,PAIDTIMEOFF
2121,LIFEINSURANCE
2122,EMPLOYEEDISCOUNT
2123,TUITIONREIMBURSEMENT
2124,HEALTHINSURANCE
2125,PAIDSICKTIME
2126,VISIONINSURANCE
2127,DENTALINSURANCE
2128,FAMILYLEAVE
2129,401(K)
2130,PETINSURANCE
2131,401(K)MATCHING
2132,HEALTHINSURANCE
2133,FLEXIBLESCHEDULE
2134,HAPPYHOUR
2135,PAIDTIMEOFF
2136,DENTALINSURANCE
2137,FLEXIBLESPENDINGACCOUNT
2138,VISIONINSURANCE
2139,EMPLOYEEASSISTANCEPROGRAM
2140,LIFEINSURANCE
2141,HEALTHSAVINGSACCOUNT
2142,401(K)
2143,401(K)MATCHING
2144,HEALTHINSURANCE
2145,VISIONINSURANCE
2146,DENTALINSURANCE
2147,PAIDTIMEOFF
2148,401(K)
2149,HEALTHINSURANCE
2150,PAIDTRAINING
2151,401(K)MATCHING
2152,401(K)
2153,VISIONINSURANCE
2154,FLEXIBLESPENDINGACCOUNT
2155,PAIDTIMEOFF
2156,LIFEINSURANCE
2157,HEALTHSAVINGSACCOUNT
2158,401(K)
2159,401(K)MATCHING
2160,HEALTHINSURANCE
2161,EMPLOYEEASSISTANCEPROGRAM
2162,403(B)
2163,HEALTHSAVINGSACCOUNT
2164,401(K)
2165,HEALTHINSURANCE
2166,DENTALINSURANCE
2167,PAIDTIMEOFF
2168,PRESCRIPTIONDRUGINSURANCE
2169,PARENTALLEAVE
2170,EMPLOYEEDISCOUNT
2171,TUITIONREIMBURSEMENT
2172,HEALTHINSURANCE
2173,FLEXIBLESCHEDULE
2174,DENTALINSURANCE
2175,FLEXIBLESPENDINGACCOUNT
2176,VISIONINSURANCE
2177,PAIDTIMEOFF
2178,403(B)
2179,FAMILYLEAVE
2180,EMPLOYEEDISCOUNT
2181,COMMUTERASSISTANCE
2182,TUITIONREIMBURSEMENT
2183,HEALTHINSURANCE
2184,DISABILITYINSURANCE
2185,OPPORTUNITIESFORADVANCEMENT
2186,OPPORTUNITIESFORADVANCEMENT
2187,DENTALINSURANCE
2188,VISIONINSURANCE
2189,PAIDTIMEOFF
2190,FLEXIBLESCHEDULE
2191,LIFEINSURANCE
2192,CONTINUINGEDUCATIONCREDITS
2193,401(K)
2194,HEALTHINSURANCE
2195,PAIDPARENTALLEAVE
2196,DENTALINSURANCE
2197,VISIONINSURANCE
2198,PARENTALLEAVE
2199,401(K)
2200,TUITIONREIMBURSEMENT
2201,401(K)MATCHING
2202,HEALTHINSURANCE
2203,DISABILITYINSURANCE
2204,PAIDPARENTALLEAVE
2205,DENTALINSURANCE
2206,VISIONINSURANCE
2207,PAIDTIMEOFF
2208,WORKFROMHOMESTIPEND
2209,INTERNETREIMBURSEMENT
2210,PARENTALLEAVE
2211,401(K)
2212,401(K)MATCHING
2213,HEALTHINSURANCE
2214,VISIONINSURANCE
2215,DENTALINSURANCE
2216,PAIDTIMEOFF
2217,401(K)
2218,HEALTHINSURANCE
2219,PAIDPARENTALLEAVE
2220,VISIONINSURANCE
2221,FLEXIBLESPENDINGACCOUNT
2222,PAIDTIMEOFF
2223,LIFEINSURANCE
2224,PARENTALLEAVE
2225,HEALTHSAVINGSACCOUNT
2226,401(K)
2227,HEALTHINSURANCE
2228,DISABILITYINSURANCE
2229,PAIDPARENTALLEAVE
2230,DENTALINSURANCE
2231,FLEXIBLESPENDINGACCOUNT
2232,VISIONINSURANCE
2233,PAIDTIMEOFF
2234,LIFEINSURANCE
2235,PARENTALLEAVE
2236,401(K)
2237,PETINSURANCE
2238,401(K)MATCHING
2239,HEALTHINSURANCE
2240,DISABILITYINSURANCE
2241,DENTALINSURANCE
2242,VISIONINSURANCE
2243,PAIDTIMEOFF
2244,LIFEINSURANCE
2245,401(K)
2246,401(K)MATCHING
2247,HEALTHINSURANCE
2248,DISABILITYINSURANCE
2249,TUITIONREIMBURSEMENT
2250,UNLIMITEDPAIDTIMEOFF
2251,GYMMEMBERSHIP
2252,PAIDTIMEOFF
2253,VISIONINSURANCE
2254,DENTALINSURANCE
2255,PAIDTIMEOFF
2256,FLEXIBLESCHEDULE
2257,LIFEINSURANCE
2258,401(K)
2259,401(K)MATCHING
2260,HEALTHINSURANCE
2261,REFERRALPROGRAM
2262,DENTALINSURANCE
2263,FLEXIBLESPENDINGACCOUNT
2264,VISIONINSURANCE
2265,PAIDTIMEOFF
2266,EMPLOYEEASSISTANCEPROGRAM
2267,LIFEINSURANCE
2268,PARENTALLEAVE
2269,HEALTHSAVINGSACCOUNT
2270,401(K)
2271,401(K)MATCHING
2272,HEALTHINSURANCE
2273,DISABILITYINSURANCE
2274,401(K)MATCHING
2275,HEALTHINSURANCE
2276,ADOPTIONASSISTANCE
2277,401(K)
2278,DENTALINSURANCE
2279,VISIONINSURANCE
2280,PAIDTIMEOFF
2281,EMPLOYEEASSISTANCEPROGRAM
2282,LIFEINSURANCE
2283,EMPLOYEEDISCOUNT
2284,HEALTHSAVINGSACCOUNT
2285,RETIREMENTPLAN
2286,401(K)
2287,401(K)MATCHING
2288,HEALTHINSURANCE
2289,REFERRALPROGRAM
2290,VISIONINSURANCE
2291,DENTALINSURANCE
2292,PAIDTIMEOFF
2293,401(K)
2294,HEALTHINSURANCE
2295,DENTALINSURANCE
2296,FLEXIBLESPENDINGACCOUNT
2297,VISIONINSURANCE
2298,PAIDTIMEOFF
2299,401(K)
2300,401(K)5%MATCH
2301,401(K)MATCHING
2302,HEALTHINSURANCE
2303,REFERRALPROGRAM
2304,DENTALINSURANCE
2305,VISIONINSURANCE
2306,LIFEINSURANCE
2307,UNLIMITEDPAIDTIMEOFF
2308,401(K)
2309,STOCKOPTIONS
2310,HEALTHINSURANCE
2311,RELOCATIONASSISTANCE
2312,DENTALINSURANCE
2313,PAIDTIMEOFF
2314,EMPLOYEEASSISTANCEPROGRAM
2315,PARENTALLEAVE
2316,HEALTHSAVINGSACCOUNT
2317,WORKFROMHOME
2318,HEALTHINSURANCE
2319,REFERRALPROGRAM
2320,TUITIONREIMBURSEMENT
2321,FREEPARKING
2322,EMPLOYEEDISCOUNT
2323,EMPLOYEESTOCKPURCHASEPLAN
2324,DENTALINSURANCE
2325,VISIONINSURANCE
2326,RSU
2327,PARENTALLEAVE
2328,EMPLOYEEDISCOUNT
2329,UNLIMITEDPAIDTIMEOFF
2330,401(K)
2331,401(K)MATCHING
2332,HEALTHINSURANCE
2333,RSU
2334,DENTALINSURANCE
2335,VISIONINSURANCE
2336,LIFEINSURANCE
2337,UNLIMITEDPAIDTIMEOFF
2338,401(K)
2339,HEALTHINSURANCE
2340,DISABILITYINSURANCE
2341,HEALTHINSURANCE
2342,DENTALINSURANCE
2343,FLEXIBLESPENDINGACCOUNT
2344,VISIONINSURANCE
2345,PAIDTIMEOFF
2346,EMPLOYEEASSISTANCEPROGRAM
2347,HEALTHSAVINGSACCOUNT
2348,RETIREMENTPLAN
2349,HEALTHINSURANCE
2350,AD&DINSURANCE
2351,DISABILITYINSURANCE
2352,PAIDPARENTALLEAVE
2353,VISIONINSURANCE
2354,LIFEINSURANCE
2355,PARENTALLEAVE
2356,401(K)
2357,COMMUTERASSISTANCE
2358,STOCKOPTIONS
2359,HEALTHINSURANCE
2360,DENTALINSURANCE
2361,VISIONINSURANCE
2362,RSU
2363,401(K)
2364,TUITIONREIMBURSEMENT
2365,401(K)MATCHING
2366,HEALTHINSURANCE
2367,VISIONINSURANCE
2368,DENTALINSURANCE
2369,LIFEINSURANCE
2370,401(K)
2371,HEALTHINSURANCE
2372,EMPLOYEESTOCKPURCHASEPLAN
2373,DENTALINSURANCE
2374,VISIONINSURANCE
2375,PAIDTIMEOFF
2376,LIFEINSURANCE
2377,PARENTALLEAVE
2378,401(K)
2379,401(K)MATCHING
2380,HEALTHINSURANCE
2381,DENTALINSURANCE
2382,FLEXIBLESPENDINGACCOUNT
2383,PARENTALLEAVE
2384,401(K)
2385,401(K)4%MATCH
2386,401(K)MATCHING
2387,HEALTHINSURANCE
2388,PAIDTIMEOFF
2389,FLEXIBLESCHEDULE
2390,RETIREMENTPLAN
2391,401(K)
2392,401(K)MATCHING
2393,HEALTHINSURANCE
2394,DENTALINSURANCE
2395,PAIDTIMEOFF
2396,FLEXIBLESCHEDULE
2397,CELLPHONEREIMBURSEMENT
2398,401(K)
2399,401(K)MATCHING
2400,HEALTHINSURANCE
2401,DISABILITYINSURANCE
2402,DENTALINSURANCE
2403,FLEXIBLESPENDINGACCOUNT
2404,VISIONINSURANCE
2405,LIFEINSURANCE
2406,HEALTHSAVINGSACCOUNT
2407,RETIREMENTPLAN
2408,HEALTHINSURANCE
2409,DISABILITYINSURANCE
2410,PAIDTIMEOFF
2411,GYMMEMBERSHIP
2412,PARENTALLEAVE
2413,401(K)
2414,401(K)MATCHING
2415,HEALTHINSURANCE
2416,VISIONINSURANCE
2417,DENTALINSURANCE
2418,LIFEINSURANCE
2419,401(K)
2420,401(K)MATCHING
2421,HEALTHINSURANCE
2422,DENTALINSURANCE
2423,VISIONINSURANCE
2424,PAIDTIMEOFF
2425,EMPLOYEEASSISTANCEPROGRAM
2426,WELLNESSPROGRAM
2427,LIFEINSURANCE
2428,HEALTHSAVINGSACCOUNT
2429,401(K)
2430,PARTNERBENEFITS
2431,WORKFROMHOME
2432,401(K)MATCHING
2433,HEALTHINSURANCE
2434,DISABILITYINSURANCE
2435,PAIDPARENTALLEAVE
2436,DENTALINSURANCE
2437,VISIONINSURANCE
2438,PARENTALLEAVE
2439,401(K)
2440,HEALTHINSURANCE
2441,DENTALINSURANCE
2442,FLEXIBLESPENDINGACCOUNT
2443,VISIONINSURANCE
2444,HEALTHSAVINGSACCOUNT
2445,401(K)
2446,PETINSURANCE
2447,401(K)MATCHING
2448,HEALTHINSURANCE
2449,AD&DINSURANCE
2450,DISABILITYINSURANCE
2451,VISIONINSURANCE
2452,DENTALINSURANCE
2453,PAIDTIMEOFF
2454,401(K)
2455,HEALTHINSURANCE
2456,VISIONINSURANCE
2457,DENTALINSURANCE
2458,PAIDTIMEOFF
2459,401(K)
2460,401(K)MATCHING
2461,HEALTHINSURANCE
2462,VISIONINSURANCE
2463,DENTALINSURANCE
2464,RSU
2465,401(K)
2466,401(K)MATCHING
2467,HEALTHINSURANCE
2468,VISASPONSORSHIP
2469,REFERRALPROGRAM
2470,DENTALINSURANCE
2471,FLEXIBLESPENDINGACCOUNT
2472,VISIONINSURANCE
2473,PAIDTIMEOFF
2474,LIFEINSURANCE
2475,401(K)
2476,HEALTHINSURANCE
2477,DISABILITYINSURANCE
2478,DENTALINSURANCE
2479,VISIONINSURANCE
2480,PAIDTIMEOFF
2481,FAMILYLEAVE
2482,LIFEINSURANCE
2483,401(K)
2484,HEALTHINSURANCE
2485,DISABILITYINSURANCE
2486,FLEXIBLESCHEDULE
2487,UNLIMITEDPAIDTIMEOFF
2488,HEALTHINSURANCE
2489,VISIONINSURANCE
2490,DENTALINSURANCE
2491,401(K)
2492,401(K)MATCHING
2493,HEALTHINSURANCE
2494,DENTALINSURANCE
2495,PAIDTIMEOFF
2496,401(K)
2497,401(K)MATCHING
2498,HEALTHINSURANCE
2499,PROFITSHARING
2500,DENTALINSURANCE
2501,VISIONINSURANCE
2502,401(K)
2503,401(K)MATCHING
2504,HEALTHINSURANCE
2505,DISABILITYINSURANCE
2506,UNLIMITEDPAIDTIMEOFF
2507,WORKFROMHOME
2508,DENTALINSURANCE
2509,HEALTHINSURANCE
2510,VISIONINSURANCE
2511,DENTALINSURANCE
2512,PAIDTIMEOFF
2513,FLEXIBLESCHEDULE
2514,LIFEINSURANCE
2515,401(K)
2516,401(K)MATCHING
2517,HEALTHINSURANCE
2518,REFERRALPROGRAM
2519,DENTALINSURANCE
2520,HEALTHINSURANCE
2521,PAIDTIMEOFF
2522,DENTALINSURANCE
2523,VISIONINSURANCE
2524,EMPLOYEEASSISTANCEPROGRAM
2525,401(K)
2526,401(K)MATCHING
2527,HEALTHINSURANCE
2528,AD&DINSURANCE
2529,DISABILITYINSURANCE
2530,DENTALINSURANCE
2531,VISIONINSURANCE
2532,PAIDTIMEOFF
2533,FLEXIBLESCHEDULE
2534,HEALTHSAVINGSACCOUNT
2535,401(K)
2536,401(K)MATCHING
2537,HEALTHINSURANCE
2538,DENTALINSURANCE
2539,FLEXIBLESPENDINGACCOUNT
2540,VISIONINSURANCE
2541,PAIDTIMEOFF
2542,FLEXIBLESCHEDULE
2543,LIFEINSURANCE
2544,PROFESSIONALDEVELOPMENTASSISTANCE
2545,HEALTHSAVINGSACCOUNT
2546,401(K)
2547,TUITIONREIMBURSEMENT
2548,401(K)MATCHING
2549,HEALTHINSURANCE
2550,REFERRALPROGRAM
2551,DENTALINSURANCE
2552,VISIONINSURANCE
2553,CELLPHONEREIMBURSEMENT
2554,LIFEINSURANCE
2555,PARENTALLEAVE
2556,PROFESSIONALDEVELOPMENTASSISTANCE
2557,401(K)
2558,COMMUTERASSISTANCE
2559,401(K)MATCHING
2560,HEALTHINSURANCE
2561,REFERRALPROGRAM
2562,DISABILITYINSURANCE
2563,PAIDPARENTALLEAVE
2564,DENTALINSURANCE
2565,VISIONINSURANCE
2566,PAIDTIMEOFF
2567,GYMMEMBERSHIP
2568,LIFEINSURANCE
2569,401(K)3%MATCH
2570,PARENTALLEAVE
2571,BEREAVEMENTLEAVE
2572,401(K)
2573,PETINSURANCE
2574,401(K)MATCHING
2575,HEALTHINSURANCE
2576,DISABILITYINSURANCE
2577,DENTALINSURANCE
2578,FLEXIBLESPENDINGACCOUNT
2579,VISIONINSURANCE
2580,PAIDTIMEOFF
2581,FLEXIBLESCHEDULE
2582,LIFEINSURANCE
2583,PARENTALLEAVE
2584,PROFESSIONALDEVELOPMENTASSISTANCE
2585,401(K)
2586,401(K)MATCHING
2587,HEALTHINSURANCE
2588,REFERRALPROGRAM
2589,DENTALINSURANCE
2590,VISIONINSURANCE
2591,EMPLOYEEASSISTANCEPROGRAM
2592,LIFEINSURANCE
2593,401(K)
2594,401(K)MATCHING
2595,HEALTHINSURANCE
2596,DISABILITYINSURANCE
2597,EMPLOYEESTOCKPURCHASEPLAN
2598,PAIDTIMEOFF
2599,WELLNESSPROGRAM
2600,LIFEINSURANCE
2601,401(K)
2602,WORKFROMHOME
2603,DENTALINSURANCE
2604,FLEXIBLESPENDINGACCOUNT
2605,VISIONINSURANCE
2606,PAIDTIMEOFF
2607,EMPLOYEEASSISTANCEPROGRAM
2608,FLEXIBLESCHEDULE
2609,LIFEINSURANCE
2610,PARENTALLEAVE
2611,PROFESSIONALDEVELOPMENTASSISTANCE
2612,EMPLOYEEDISCOUNT
2613,HEALTHSAVINGSACCOUNT
2614,RELOCATIONASSISTANCE
2615,401(K)
2616,RETIREMENTPLAN
2617,TUITIONREIMBURSEMENT
2618,401(K)MATCHING
2619,HEALTHINSURANCE
2620,REFERRALPROGRAM
2621,PROFITSHARING
2622,VISIONINSURANCE
2623,FLEXIBLESPENDINGACCOUNT
2624,PAIDTIMEOFF
2625,401(K)
2626,HEALTHINSURANCE
2627,AD&DINSURANCE
2628,DISABILITYINSURANCE
2629,HEALTHINSURANCE
2630,FREEPARKING
2631,DENTALINSURANCE
2632,VISIONINSURANCE
2633,PAIDTIMEOFF
2634,401(K)
2635,ON-SITEGYM
2636,HEALTHINSURANCE
2637,OPPORTUNITIESFORADVANCEMENT
2638,VISIONINSURANCE
2639,DENTALINSURANCE
2640,PAIDTIMEOFF
2641,401(K)
2642,401(K)MATCHING
2643,HEALTHINSURANCE
2644,DENTALINSURANCE
2645,PAIDTIMEOFF
2646,LIFEINSURANCE
2647,401(K)
2648,HEALTHINSURANCE
2649,VISIONINSURANCE
2650,DENTALINSURANCE
2651,PAIDTIMEOFF
2652,FLEXIBLESCHEDULE
2653,401(K)
2654,401(K)MATCHING
2655,HEALTHINSURANCE
2656,DENTALINSURANCE
2657,VISIONINSURANCE
2658,PAIDTIMEOFF
2659,INTERNETREIMBURSEMENT
2660,PARENTALLEAVE
2661,401(K)
2662,401(K)MATCHING
2663,HEALTHINSURANCE
2664,DISABILITYINSURANCE
2665,PAIDTIMEOFF
2666,FLEXIBLESCHEDULE
2667,LIFEINSURANCE
2668,HEALTHSAVINGSACCOUNT
2669,401(K)
2670,401(K)MATCHING
2671,HEALTHINSURANCE
2672,FOODPROVIDED
2673,PAIDTIMEOFF
2674,GYMMEMBERSHIP
2675,PARENTALLEAVE
2676,401(K)
2677,401(K)MATCHING
2678,HEALTHINSURANCE
2679,FLEXIBLESCHEDULE
2680,DEPENDENTCAREREIMBURSEMENT
2681,DENTALINSURANCE
2682,FLEXIBLESPENDINGACCOUNT
2683,VISIONINSURANCE
2684,PAIDTIMEOFF
2685,FLEXIBLESCHEDULE
2686,LIFEINSURANCE
2687,TRAVELREIMBURSEMENT
2688,HEALTHSAVINGSACCOUNT
2689,COMMUTERASSISTANCE
2690,HEALTHINSURANCE
2691,DISABILITYINSURANCE
2692,DENTALINSURANCE
2693,VISIONINSURANCE
2694,PAIDTIMEOFF
2695,LIFEINSURANCE
2696,401(K)
2697,TUITIONREIMBURSEMENT
2698,401(K)MATCHING
2699,HEALTHINSURANCE
2700,VISIONINSURANCE
2701,DENTALINSURANCE
2702,HEALTHINSURANCE
2703,LIFEINSURANCE
2704,VISIONINSURANCE
2705,DENTALINSURANCE
2706,FAMILYLEAVE
2707,PAIDTIMEOFF
2708,HEALTHINSURANCE
2709,401(K)
2710,PAIDTIMEOFF
2711,VISIONINSURANCE
2712,DENTALINSURANCE
2713,PAIDTIMEOFF
2714,FLEXIBLESCHEDULE
2715,401(K)
2716,HEALTHINSURANCE
2717,HEALTHINSURANCE
2718,401(K)
2719,PAIDTIMEOFF
2720,PROFITSHARING
2721,DENTALINSURANCE
2722,BEREAVEMENTLEAVE
2723,PETINSURANCE
2724,HEALTHINSURANCE
2725,PAIDPARENTALLEAVE
2726,OPPORTUNITIESFORADVANCEMENT
2727,LIFEINSURANCE
2728,RELOCATIONASSISTANCE
2729,401(K)MATCHING
2730,VISIONINSURANCE
2731,PAIDJURYDUTY
2732,PAIDTIMEOFF
2733,EMPLOYEEASSISTANCEPROGRAM
2734,FLEXIBLESCHEDULE
2735,PARENTALLEAVE
2736,401(K)
2737,TUITIONREIMBURSEMENT
2738,DISABILITYINSURANCE
2739,VISIONINSURANCE
2740,DENTALINSURANCE
2741,PAIDTIMEOFF
2742,LIFEINSURANCE
2743,401(K)
2744,HEALTHINSURANCE
2745,PAIDTRAINING
2746,DENTALINSURANCE
2747,VISIONINSURANCE
2748,PAIDTIMEOFF
2749,LIFEINSURANCE
2750,PROFESSIONALDEVELOPMENTASSISTANCE
2751,HEALTHSAVINGSACCOUNT
2752,401(K)
2753,TUITIONREIMBURSEMENT
2754,HEALTHINSURANCE
2755,DISABILITYINSURANCE
2756,401(K)MATCHING
2757,401(K)
2758,VISIONINSURANCE
2759,DENTALINSURANCE
2760,401(K)
2761,401(K)MATCHING
2762,HEALTHINSURANCE
2763,DENTALINSURANCE
2764,VISIONINSURANCE
2765,PAIDTIMEOFF
2766,401(K)
2767,TUITIONREIMBURSEMENT
2768,401(K)MATCHING
2769,HEALTHINSURANCE
2770,VISIONINSURANCE
2771,DENTALINSURANCE
2772,PAIDTIMEOFF
2773,LIFEINSURANCE
2774,401(K)
2775,HEALTHINSURANCE
2776,PROFITSHARING
2777,VISIONINSURANCE
2778,DENTALINSURANCE
2779,401(K)
2780,401(K)MATCHING
2781,HEALTHINSURANCE
2782,DENTALINSURANCE
2783,FLEXIBLESPENDINGACCOUNT
2784,VISIONINSURANCE
2785,PAIDTIMEOFF
2786,GYMMEMBERSHIP
2787,HEALTHSAVINGSACCOUNT
2788,401(K)
2789,TUITIONREIMBURSEMENT
2790,401(K)MATCHING
2791,HEALTHINSURANCE
2792,REFERRALPROGRAM
2793,DISABILITYINSURANCE
2794,FLEXIBLESPENDINGACCOUNT
2795,HEALTHINSURANCE
2796,401(K)
2797,OPPORTUNITIESFORADVANCEMENT
2798,DENTALINSURANCE
2799,PAIDTIMEOFF
2800,LIFEINSURANCE
2801,401(K)
2802,HEALTHINSURANCE
2803,VISIONINSURANCE
2804,DENTALINSURANCE
2805,PAIDTIMEOFF
2806,FLEXIBLESCHEDULE
2807,LIFEINSURANCE
2808,401(K)
2809,401(K)MATCHING
2810,HEALTHINSURANCE
2811,REFERRALPROGRAM
2812,PAIDPARENTALLEAVE
2813,VISIONINSURANCE
2814,PAIDTIMEOFF
2815,INTERNETREIMBURSEMENT
2816,PARENTALLEAVE
2817,401(K)
2818,STOCKOPTIONS
2819,401(K)MATCHING
2820,CELLPHONEREIMBURSEMENT
2821,PAIDPARENTALLEAVE
2822,FLEXIBLESPENDINGACCOUNT
2823,PAIDTIMEOFF
2824,FLEXIBLESCHEDULE
2825,PARENTALLEAVE
2826,HEALTHSAVINGSACCOUNT
2827,401(K)
2828,TUITIONREIMBURSEMENT
2829,401(K)MATCHING
2830,HEALTHINSURANCE
2831,PAIDPARENTALLEAVE
2832,DENTALINSURANCE
2833,VISIONINSURANCE
2834,PAIDTIMEOFF
2835,PARENTALLEAVE
2836,HEALTHINSURANCE
2837,DENTALINSURANCE
2838,FLEXIBLESPENDINGACCOUNT
2839,VISIONINSURANCE
2840,PAIDTIMEOFF
2841,401(K)
2842,401(K)MATCHING
2843,HEALTHINSURANCE
2844,DENTALINSURANCE
2845,VISIONINSURANCE
2846,PAIDTIMEOFF
2847,FLEXIBLESCHEDULE
2848,LIFEINSURANCE
2849,EMPLOYEEDISCOUNT
2850,401(K)
2851,TUITIONREIMBURSEMENT
2852,401(K)MATCHING
2853,HEALTHINSURANCE
2854,PROFITSHARING
2855,DENTALINSURANCE
2856,FLEXIBLESPENDINGACCOUNT
2857,VISIONINSURANCE
2858,PAIDTIMEOFF
2859,LIFEINSURANCE
2860,401(K)
2861,401(K)MATCHING
2862,HEALTHINSURANCE
2863,DENTALINSURANCE
2864,FLEXIBLESPENDINGACCOUNT
2865,VISIONINSURANCE
2866,PAIDTIMEOFF
2867,EMPLOYEEASSISTANCEPROGRAM
2868,FLEXIBLESCHEDULE
2869,LIFEINSURANCE
2870,PARENTALLEAVE
2871,PROFESSIONALDEVELOPMENTASSISTANCE
2872,EMPLOYEEDISCOUNT
2873,HEALTHSAVINGSACCOUNT
2874,RETIREMENTPLAN
2875,401(K)
2876,TUITIONREIMBURSEMENT
2877,401(K)MATCHING
2878,HEALTHINSURANCE
2879,REFERRALPROGRAM
2880,VISIONINSURANCE
2881,DENTALINSURANCE
2882,PAIDTIMEOFF
2883,401(K)
2884,401(K)MATCHING
2885,HEALTHINSURANCE
2886,VISIONINSURANCE
2887,DENTALINSURANCE
2888,PAIDTIMEOFF
2889,401(K)
2890,HEALTHINSURANCE
2891,DENTALINSURANCE
2892,FLEXIBLESPENDINGACCOUNT
2893,VISIONINSURANCE
2894,PAIDTIMEOFF
2895,FLEXIBLESCHEDULE
2896,LIFEINSURANCE
2897,HEALTHSAVINGSACCOUNT
2898,401(K)
2899,401(K)4%MATCH
2900,401(K)MATCHING
2901,HEALTHINSURANCE
2902,PROFITSHARING
2903,DENTALINSURANCE
2904,VISIONINSURANCE
2905,PAIDTIMEOFF
2906,LIFEINSURANCE
2907,401(K)
2908,401(K)MATCHING
2909,HEALTHINSURANCE
2910,DENTALINSURANCE
2911,HEALTHINSURANCE
2912,401(K)
2913,OPPORTUNITIESFORADVANCEMENT
2914,DENTALINSURANCE
2915,VISIONINSURANCE
2916,PAIDTIMEOFF
2917,EMPLOYEEASSISTANCEPROGRAM
2918,PARENTALLEAVE
2919,401(K)
2920,401(K)MATCHING
2921,HEALTHINSURANCE
2922,REFERRALPROGRAM
2923,DENTALINSURANCE
2924,VISIONINSURANCE
2925,PAIDTIMEOFF
2926,FAMILYLEAVE
2927,401(K)
2928,COMMUTERASSISTANCE
2929,STOCKOPTIONS
2930,401(K)MATCHING
2931,HEALTHINSURANCE
2932,DISABILITYINSURANCE
2933,PARENTALLEAVE
2934,HEALTHINSURANCE
2935,PAIDTIMEOFF
2936,DENTALINSURANCE
2937,VISIONINSURANCE
2938,WORKFROMHOMESTIPEND
2939,INTERNETREIMBURSEMENT
2940,UNLIMITEDPAIDTIMEOFF
2941,401(K)
2942,STOCKOPTIONS
2943,HEALTHINSURANCE
2944,CELLPHONEREIMBURSEMENT
2945,VISIONINSURANCE
2946,FLEXIBLESPENDINGACCOUNT
2947,PAIDTIMEOFF
2948,WORKFROMHOMESTIPEND
2949,PARENTALLEAVE
2950,BEREAVEMENTLEAVE
2951,401(K)
2952,HEALTHINSURANCE
2953,VISIONINSURANCE
2954,DENTALINSURANCE
2955,PAIDTIMEOFF
2956,FLEXIBLESCHEDULE
2957,LIFEINSURANCE
2958,401(K)
2959,401(K)MATCHING
2960,HEALTHINSURANCE
2961,REFERRALPROGRAM
2962,VISIONINSURANCE
2963,DENTALINSURANCE
2964,HEALTHINSURANCE
2965,401(K)
2966,DENTALINSURANCE
2967,FLEXIBLESPENDINGACCOUNT
2968,VISIONINSURANCE
2969,LIFEINSURANCE
2970,HEALTHSAVINGSACCOUNT
2971,401(K)
2972,401(K)MATCHING
2973,HEALTHINSURANCE
2974,DISABILITYINSURANCE
2975,401(K)MATCHING
2976,LIFEINSURANCE
2977,401(K)
2978,PAIDPARENTALLEAVE
2979,DENTALINSURANCE
2980,FLEXIBLESPENDINGACCOUNT
2981,VISIONINSURANCE
2982,WORKFROMHOME
2983,PARENTALLEAVE
2984,STOCKOPTIONS
2985,HEALTHINSURANCE
2986,DISABILITYINSURANCE
2987,DENTALINSURANCE
2988,VISIONINSURANCE
2989,EMPLOYEEASSISTANCEPROGRAM
2990,PAIDTIMEOFF
2991,FLEXIBLESCHEDULE
2992,LIFEINSURANCE
2993,PROFESSIONALDEVELOPMENTASSISTANCE
2994,HEALTHSAVINGSACCOUNT
2995,HEALTHINSURANCE
2996,REFERRALPROGRAM
2997,PAIDPARENTALLEAVE
2998,SABBATICAL
2999,PAIDTIMEOFF
3000,EMPLOYEEASSISTANCEPROGRAM
3001,FINANCIALPLANNINGSERVICES
3002,PARENTALLEAVE
3003,401(K)
3004,401(K)MATCHING
3005,HEALTHINSURANCE
3006,PAIDTRAINING
3007,PAIDSICKTIME
3008,PAIDTIMEOFF
3009,WORKFROMHOMESTIPEND
3010,PARENTALLEAVE
3011,HEALTHINSURANCE
3012,FLEXIBLESCHEDULE
3013,PAIDPARENTALLEAVE
3014,DENTALINSURANCE
3015,FLEXIBLESPENDINGACCOUNT
3016,VISIONINSURANCE
3017,PAIDTIMEOFF
3018,FAMILYLEAVE
3019,LIFEINSURANCE
3020,ADOPTIONASSISTANCE
3021,PARENTALLEAVE
3022,401(K)
3023,MATCHINGGIFTPROGRAM
3024,401(K)MATCHING
3025,HEALTHINSURANCE
3026,DISABILITYINSURANCE
3027,DENTALINSURANCE
3028,FLEXIBLESPENDINGACCOUNT
3029,VISIONINSURANCE
3030,PAIDTIMEOFF
3031,HEALTHSAVINGSACCOUNT
3032,401(K)
3033,401(K)MATCHING
3034,HEALTHINSURANCE
3035,REFERRALPROGRAM
3036,DENTALINSURANCE
3037,DENTALINSURANCE
3038,VISIONINSURANCE
3039,PAIDTIMEOFF
3040,LIFEINSURANCE
3041,PARENTALLEAVE
3042,RETIREMENTPLAN
3043,401(K)
3044,401(K)MATCHING
3045,HEALTHINSURANCE
3046,VISIONINSURANCE
3047,DENTALINSURANCE
3048,PAIDTIMEOFF
3049,LIFEINSURANCE
3050,401(K)
3051,401(K)MATCHING
3052,HEALTHINSURANCE
3053,PAIDPARENTALLEAVE
3054,DENTALINSURANCE
3055,FLEXIBLESPENDINGACCOUNT
3056,VISIONINSURANCE
3057,WORKFROMHOME
3058,PARENTALLEAVE
3059,401(K)
3060,STOCKOPTIONS
3061,HEALTHINSURANCE
3062,DISABILITYINSURANCE
3063,DENTALINSURANCE
3064,FLEXIBLESPENDINGACCOUNT
3065,VISIONINSURANCE
3066,PAIDTIMEOFF
3067,FLEXIBLESCHEDULE
3068,LIFEINSURANCE
3069,PARENTALLEAVE
3070,HEALTHSAVINGSACCOUNT
3071,RELOCATIONASSISTANCE
3072,401(K)
3073,TUITIONREIMBURSEMENT
3074,401(K)MATCHING
3075,HEALTHINSURANCE
3076,PAIDPARENTALLEAVE
3077,PAIDSICKTIME
3078,DENTALINSURANCE
3079,FLEXIBLESPENDINGACCOUNT
3080,VISIONINSURANCE
3081,PAIDTIMEOFF
3082,EMPLOYEEASSISTANCEPROGRAM
3083,FLEXIBLESCHEDULE
3084,LIFEINSURANCE
3085,PARENTALLEAVE
3086,HEALTHSAVINGSACCOUNT
3087,401(K)
3088,WORKFROMHOME
3089,401(K)4%MATCH
3090,401(K)MATCHING
3091,HEALTHINSURANCE
3092,REFERRALPROGRAM
3093,DISABILITYINSURANCE
3094,VISIONINSURANCE
3095,DENTALINSURANCE
3096,PAIDTIMEOFF
3097,401(K)
3098,HEALTHINSURANCE
3099,DENTALINSURANCE
3100,HEALTHINSURANCE
3101,RETIREMENTPLAN
3102,DENTALINSURANCE
3103,HEALTHINSURANCE
3104,401(K)
3105,PAIDTIMEOFF
3106,DENTALINSURANCE
3107,VISIONINSURANCE
3108,PAIDTIMEOFF
3109,RSU
3110,LIFEINSURANCE
3111,401(K)
3112,401(K)MATCHING
3113,HEALTHINSURANCE
3114,DENTALINSURANCE
3115,VISIONINSURANCE
3116,PAIDTIMEOFF
3117,LIFEINSURANCE
3118,401(K)
3119,401(K)MATCHING
3120,HEALTHINSURANCE
3121,DISABILITYINSURANCE
3122,401(K)MATCHING
3123,401(K)
3124,VISIONINSURANCE
3125,DENTALINSURANCE
3126,PAIDTIMEOFF
3127,FLEXIBLESCHEDULE
3128,LIFEINSURANCE
3129,401(K)
3130,401(K)MATCHING
3131,HEALTHINSURANCE
3132,REFERRALPROGRAM
3133,DENTALINSURANCE
3134,FLEXIBLESPENDINGACCOUNT
3135,VISIONINSURANCE
3136,PAIDTIMEOFF
3137,EMPLOYEEASSISTANCEPROGRAM
3138,FLEXIBLESCHEDULE
3139,LIFEINSURANCE
3140,PARENTALLEAVE
3141,HEALTHSAVINGSACCOUNT
3142,401(K)
3143,401(K)MATCHING
3144,HEALTHINSURANCE
3145,VISIONINSURANCE
3146,DENTALINSURANCE
3147,PAIDTIMEOFF
3148,FLEXIBLESCHEDULE
3149,401(K)
3150,HEALTHINSURANCE
3151,DENTALINSURANCE
3152,HEALTHINSURANCE
3153,401(K)
3154,DENTALINSURANCE
3155,VISIONINSURANCE
3156,PAIDTIMEOFF
3157,401(K)
3158,401(K)MATCHING
3159,HEALTHINSURANCE
3160,DISABILITYINSURANCE
3161,DENTALINSURANCE
3162,HEALTHINSURANCE
3163,401(K)
3164,DENTALINSURANCE
3165,FLEXIBLESPENDINGACCOUNT
3166,VISIONINSURANCE
3167,PAIDTIMEOFF
3168,EMPLOYEEASSISTANCEPROGRAM
3169,LIFEINSURANCE
3170,401(K)
3171,HEALTHINSURANCE
3172,DISABILITYINSURANCE
3173,DENTALINSURANCE
3174,VISIONINSURANCE
3175,PAIDTIMEOFF
3176,401(K)
3177,WORKFROMHOME
3178,HEALTHINSURANCE
3179,DISABILITYINSURANCE
3180,OPPORTUNITIESFORADVANCEMENT
3181,PAIDTIMEOFF
3182,LIFEINSURANCE
3183,HEALTHINSURANCE
3184,DISABILITYINSURANCE
3185,VISIONINSURANCE
3186,DENTALINSURANCE
3187,PAIDTIMEOFF
3188,401(K)
3189,401(K)MATCHING
3190,HEALTHINSURANCE
3191,DENTALINSURANCE
3192,FLEXIBLESPENDINGACCOUNT
3193,VISIONINSURANCE
3194,PAIDTIMEOFF
3195,EMPLOYEEASSISTANCEPROGRAM
3196,LIFEINSURANCE
3197,PROFESSIONALDEVELOPMENTASSISTANCE
3198,HEALTHSAVINGSACCOUNT
3199,401(K)
3200,HEALTHINSURANCE
3201,REFERRALPROGRAM
3202,DENTALINSURANCE
3203,FLEXIBLESPENDINGACCOUNT
3204,VISIONINSURANCE
3205,PAIDTIMEOFF
3206,EMPLOYEEASSISTANCEPROGRAM
3207,FLEXIBLESCHEDULE
3208,LIFEINSURANCE
3209,PARENTALLEAVE
3210,PROFESSIONALDEVELOPMENTASSISTANCE
3211,EMPLOYEEDISCOUNT
3212,HEALTHSAVINGSACCOUNT
3213,RELOCATIONASSISTANCE
3214,401(K)
3215,RETIREMENTPLAN
3216,TUITIONREIMBURSEMENT
3217,401(K)MATCHING
3218,HEALTHINSURANCE
3219,REFERRALPROGRAM
3220,VISIONINSURANCE
3221,DENTALINSURANCE
3222,HEALTHINSURANCE
3223,PAIDTIMEOFF
3224,DENTALINSURANCE
3225,FLEXIBLESPENDINGACCOUNT
3226,VISIONINSURANCE
3227,PAIDTIMEOFF
3228,EMPLOYEEASSISTANCEPROGRAM
3229,FLEXIBLESCHEDULE
3230,LIFEINSURANCE
3231,PARENTALLEAVE
3232,PROFESSIONALDEVELOPMENTASSISTANCE
3233,EMPLOYEEDISCOUNT
3234,HEALTHSAVINGSACCOUNT
3235,RELOCATIONASSISTANCE
3236,401(K)
3237,RETIREMENTPLAN
3238,TUITIONREIMBURSEMENT
3239,401(K)MATCHING
3240,HEALTHINSURANCE
3241,REFERRALPROGRAM
3242,DENTALINSURANCE
3243,HEALTHINSURANCE
3244,DENTALINSURANCE
3245,FLEXIBLESPENDINGACCOUNT
3246,VISIONINSURANCE
3247,PAIDTIMEOFF
3248,LIFEINSURANCE
3249,401(K)
3250,HEALTHINSURANCE
3251,DISABILITYINSURANCE
3252,VISIONINSURANCE
3253,DENTALINSURANCE
3254,INTERNETREIMBURSEMENT
3255,HEALTHINSURANCE
3256,DISABILITYINSURANCE
3257,PROFITSHARING
3258,DENTALINSURANCE
3259,VISIONINSURANCE
3260,EMPLOYEEASSISTANCEPROGRAM
3261,LIFEINSURANCE
3262,REFERRALPROGRAM
3263,RETIREMENTPLAN
3264,HEALTHINSURANCE
3265,AD&DINSURANCE
3266,DISABILITYINSURANCE
3267,VISIONINSURANCE
3268,DENTALINSURANCE
3269,RSU
3270,401(K)
3271,401(K)MATCHING
3272,HEALTHINSURANCE
3273,PAIDPARENTALLEAVE
3274,DENTALINSURANCE
3275,FLEXIBLESPENDINGACCOUNT
3276,VISIONINSURANCE
3277,PAIDTIMEOFF
3278,EMPLOYEEASSISTANCEPROGRAM
3279,FLEXIBLESCHEDULE
3280,LIFEINSURANCE
3281,401(K)3%MATCH
3282,PARENTALLEAVE
3283,HEALTHSAVINGSACCOUNT
3284,401(K)
3285,401(K)MATCHING
3286,HEALTHINSURANCE
3287,DISABILITYINSURANCE
3288,VISIONINSURANCE
3289,DENTALINSURANCE
3290,HEALTHINSURANCE
3291,EMPLOYEESTOCKOWNERSHIPPLAN
3292,OPPORTUNITIESFORADVANCEMENT
3293,DENTALINSURANCE
3294,PAIDTIMEOFF
3295,401(K)
3296,401(K)4%MATCH
3297,401(K)MATCHING
3298,HEALTHINSURANCE
3299,STOCKOPTIONS
3300,FLEXIBLESCHEDULE
3301,PAIDTIMEOFF
3302,EMPLOYEEASSISTANCEPROGRAM
3303,RELOCATIONASSISTANCE
3304,PAIDTIMEOFF
3305,PROFESSIONALDEVELOPMENTASSISTANCE
3306,PAIDPARENTALLEAVE
3307,DENTALINSURANCE
3308,FLEXIBLESPENDINGACCOUNT
3309,VISIONINSURANCE
3310,PAIDTIMEOFF
3311,PARENTALLEAVE
3312,HEALTHSAVINGSACCOUNT
3313,UNLIMITEDPAIDTIMEOFF
3314,401(K)
3315,COMMUTERASSISTANCE
3316,STOCKOPTIONS
3317,401(K)MATCHING
3318,HEALTHINSURANCE
3319,CELLPHONEREIMBURSEMENT
3320,DENTALINSURANCE
3321,VISIONINSURANCE
3322,PAIDTIMEOFF
3323,LIFEINSURANCE
3324,PARENTALLEAVE
3325,PROFESSIONALDEVELOPMENTASSISTANCE
3326,HEALTHSAVINGSACCOUNT
3327,RETIREMENTPLAN
3328,401(K)
3329,401(K)MATCHING
3330,HEALTHINSURANCE
3331,VISIONINSURANCE
3332,DENTALINSURANCE
3333,PAIDTIMEOFF
3334,403(B)
3335,HEALTHINSURANCE
3336,DENTALINSURANCE
3337,VISIONINSURANCE
3338,PAIDTIMEOFF
3339,EMPLOYEEASSISTANCEPROGRAM
3340,LIFEINSURANCE
3341,PROFESSIONALDEVELOPMENTASSISTANCE
3342,HEALTHSAVINGSACCOUNT
3343,RETIREMENTPLAN
3344,401(K)
3345,TUITIONREIMBURSEMENT
3346,401(K)MATCHING
3347,HEALTHINSURANCE
3348,REFERRALPROGRAM
3349,DENTALINSURANCE
3350,PAIDTIMEOFF
3351,401(K)
3352,401(K)MATCHING
3353,HEALTHINSURANCE
3354,PAIDPARENTALLEAVE
3355,PAIDTIMEOFF
3356,GYMMEMBERSHIP
3357,PARENTALLEAVE
3358,UNLIMITEDPAIDTIMEOFF
3359,401(K)
3360,ON-SITEGYM
3361,401(K)MATCHING
3362,HEALTHINSURANCE
3363,VISIONINSURANCE
3364,DENTALINSURANCE
3365,PAIDTIMEOFF
3366,401(K)
3367,PETINSURANCE
3368,401(K)MATCHING
3369,HEALTHINSURANCE
3370,VISASPONSORSHIP
3371,FLEXIBLESCHEDULE
3372,VISIONINSURANCE
3373,HEALTHINSURANCE
3374,PAIDTIMEOFF
3375,VISIONINSURANCE
3376,DENTALINSURANCE
3377,PAIDTIMEOFF
3378,RETIREMENTPLAN
3379,HEALTHINSURANCE
3380,DISABILITYINSURANCE
3381,PAIDPARENTALLEAVE
3382,DENTALINSURANCE
3383,VISIONINSURANCE
3384,EMPLOYEEASSISTANCEPROGRAM
3385,GYMMEMBERSHIP
3386,LIFEINSURANCE
3387,INTERNETREIMBURSEMENT
3388,PARENTALLEAVE
3389,401(K)
3390,401(K)MATCHING
3391,HEALTHINSURANCE
3392,HAPPYHOUR
3393,DENTALINSURANCE
3394,VISIONINSURANCE
3395,PAIDTIMEOFF
3396,401(K)
3397,PETINSURANCE
3398,401(K)MATCHING
3399,HEALTHINSURANCE
3400,EMPLOYEEASSISTANCEPROGRAM
3401,ADOPTIONASSISTANCE
3402,EMPLOYEEDISCOUNT
3403,HEALTHSAVINGSACCOUNT
3404,401(K)
3405,TUITIONREIMBURSEMENT
3406,HEALTHINSURANCE
3407,VISIONINSURANCE
3408,DENTALINSURANCE
3409,401(K)
3410,401(K)MATCHING
3411,HEALTHINSURANCE
3412,HEALTHINSURANCE
3413,VISIONINSURANCE
3414,DENTALINSURANCE
3415,PAIDTIMEOFF
3416,FLEXIBLESCHEDULE
3417,LIFEINSURANCE
3418,401(K)
3419,401(K)MATCHING
3420,HEALTHINSURANCE
3421,REFERRALPROGRAM
3422,HEALTHINSURANCE
3423,PAIDTIMEOFF
3424,DENTALINSURANCE
3425,FLEXIBLESPENDINGACCOUNT
3426,VISIONINSURANCE
3427,PAIDTIMEOFF
3428,RETIREMENTPLAN
3429,HEALTHINSURANCE
3430,AD&DINSURANCE
3431,DISABILITYINSURANCE
3432,EMPLOYEESTOCKPURCHASEPLAN
3433,PAIDPARENTALLEAVE
3434,DENTALINSURANCE
3435,VISIONINSURANCE
3436,PAIDTIMEOFF
3437,FAMILYLEAVE
3438,PARENTALLEAVE
3439,401(K)
3440,401(K)MATCHING
3441,HEALTHINSURANCE
3442,VISIONINSURANCE
3443,DENTALINSURANCE
3444,PAIDTIMEOFF
3445,FLEXIBLESCHEDULE
3446,401(K)
3447,401(K)MATCHING
3448,HEALTHINSURANCE
3449,DENTALINSURANCE
3450,HEALTHINSURANCE
3451,401(K)
3452,DENTALINSURANCE
3453,VISIONINSURANCE
3454,PAIDTIMEOFF
3455,EMPLOYEEASSISTANCEPROGRAM
3456,LIFEINSURANCE
3457,401(K)
3458,401(K)MATCHING
3459,HEALTHINSURANCE
3460,REFERRALPROGRAM
3461,DISABILITYINSURANCE
3462,PAIDTRAINING
3463,DENTALINSURANCE
3464,VISIONINSURANCE
3465,PAIDTIMEOFF
3466,FLEXIBLESCHEDULE
3467,LIFEINSURANCE
3468,PROFESSIONALDEVELOPMENTASSISTANCE
3469,401(K)
3470,401(K)MATCHING
3471,HEALTHINSURANCE
3472,REFERRALPROGRAM
3473,PAIDTRAINING
3474,PAIDTIMEOFF
3475,WELLNESSPROGRAM
3476,HEALTHINSURANCE
3477,DISABILITYINSURANCE
3478,FLEXIBLESCHEDULE
3479,DENTALINSURANCE
3480,VISIONINSURANCE
3481,PAIDTIMEOFF
3482,401(K)
3483,TUITIONREIMBURSEMENT
3484,HEALTHINSURANCE
3485,LIFEINSURANCE
3486,HEALTHINSURANCE
3487,RETIREMENTPLAN
3488,PAIDSICKTIME
3489,DENTALINSURANCE
3490,FLEXIBLESPENDINGACCOUNT
3491,VISIONINSURANCE
3492,401(K)6%MATCH
3493,LIFEINSURANCE
3494,PARENTALLEAVE
3495,HEALTHSAVINGSACCOUNT
3496,401(K)
3497,MATCHINGGIFTPROGRAM
3498,401(K)MATCHING
3499,HEALTHINSURANCE
3500,AD&DINSURANCE
3501,DISABILITYINSURANCE
3502,DENTALINSURANCE
3503,HEALTHINSURANCE
3504,PAIDTIMEOFF
3505,PAIDPARENTALLEAVE
3506,DENTALINSURANCE
3507,VISIONINSURANCE
3508,PAIDTIMEOFF
3509,PARENTALLEAVE
3510,UNLIMITEDPAIDTIMEOFF
3511,VISIONINSURANCE
3512,DENTALINSURANCE
3513,PAIDTIMEOFF
3514,FLEXIBLESCHEDULE
3515,LIFEINSURANCE
3516,401(K)
3517,401(K)MATCHING
3518,HEALTHINSURANCE
3519,REFERRALPROGRAM
3520,HEALTHINSURANCE
3521,DENTALINSURANCE
3522,PAIDTIMEOFF
3523,401(K)3%MATCH
3524,401(K)
3525,401(K)MATCHING
3526,HEALTHINSURANCE
3527,VISIONINSURANCE
3528,DENTALINSURANCE
3529,RSU
3530,401(K)
3531,401(K)MATCHING
3532,HEALTHINSURANCE
3533,VISIONINSURANCE
3534,DENTALINSURANCE
3535,PAIDTIMEOFF
3536,401(K)
3537,HEALTHINSURANCE
3538,EMPLOYEESTOCKPURCHASEPLAN
3539,DENTALINSURANCE
3540,FLEXIBLESPENDINGACCOUNT
3541,VISIONINSURANCE
3542,PAIDTIMEOFF
3543,EMPLOYEEASSISTANCEPROGRAM
3544,EMPLOYEEDISCOUNT
3545,HEALTHSAVINGSACCOUNT
3546,401(K)
3547,PETINSURANCE
3548,401(K)MATCHING
3549,HEALTHINSURANCE
3550,AD&DINSURANCE
3551,DISABILITYINSURANCE
3552,401(K)MATCHING
3553,401(K)
3554,PAIDPARENTALLEAVE
3555,DENTALINSURANCE
3556,FLEXIBLESPENDINGACCOUNT
3557,VISIONINSURANCE
3558,PAIDTIMEOFF
3559,EMPLOYEEASSISTANCEPROGRAM
3560,HEALTHSAVINGSACCOUNT
3561,401(K)
3562,401(K)MATCHING
3563,HEALTHINSURANCE
3564,DISABILITYINSURANCE
3565,PAIDSICKTIME
3566,DENTALINSURANCE
3567,FLEXIBLESPENDINGACCOUNT
3568,VISIONINSURANCE
3569,LIFEINSURANCE
3570,PARENTALLEAVE
3571,401(K)
3572,401(K)MATCHING
3573,HEALTHINSURANCE
3574,DISABILITYINSURANCE
3575,DENTALINSURANCE
3576,FLEXIBLESPENDINGACCOUNT
3577,VISIONINSURANCE
3578,PAIDTIMEOFF
3579,HEALTHSAVINGSACCOUNT
3580,401(K)
3581,TUITIONREIMBURSEMENT
3582,401(K)MATCHING
3583,HEALTHINSURANCE
3584,PAIDTIMEOFF
3585,DENTALINSURANCE
3586,VISIONINSURANCE
3587,PAIDTIMEOFF
3588,EMPLOYEEASSISTANCEPROGRAM
3589,LIFEINSURANCE
3590,HEALTHSAVINGSACCOUNT
3591,401(K)
3592,401(K)MATCHING
3593,HEALTHINSURANCE
3594,DENTALINSURANCE
3595,VISIONINSURANCE
3596,PAIDTIMEOFF
3597,PAIDHOLIDAYS
3598,LIFEINSURANCE
3599,PARENTALLEAVE
3600,HEALTHSAVINGSACCOUNT
3601,UNLIMITEDPAIDTIMEOFF
3602,401(K)
3603,WORKFROMHOME
3604,401(K)MATCHING
3605,HEALTHINSURANCE
3606,DISABILITYINSURANCE
3607,DENTALINSURANCE
3608,VISIONINSURANCE
3609,PAIDTIMEOFF
3610,LIFEINSURANCE
3611,401(K)
3612,HEALTHINSURANCE
3613,DISABILITYINSURANCE
3614,DENTALINSURANCE
3615,FLEXIBLESPENDINGACCOUNT
3616,VISIONINSURANCE
3617,PAIDTIMEOFF
3618,PARENTALLEAVE
3619,401(K)
3620,HEALTHINSURANCE
3621,STOCKOPTIONS
3622,FLEXIBLESCHEDULE
3623,DENTALINSURANCE
3624,HEALTHINSURANCE
3625,401(K)
3626,PROFITSHARING
3627,DENTALINSURANCE
3628,PAIDTIMEOFF
3629,401(K)
3630,HEALTHINSURANCE
3631,DENTALINSURANCE
3632,VISIONINSURANCE
3633,EMPLOYEEASSISTANCEPROGRAM
3634,PAIDTIMEOFF
3635,401(K)
3636,401(K)MATCHING
3637,HEALTHINSURANCE
3638,WORKFROMHOME
3639,OPPORTUNITIESFORADVANCEMENT
3640,DENTALINSURANCE
3641,PAIDTIMEOFF
3642,FLEXIBLESCHEDULE
3643,LIFEINSURANCE
3644,401(K)
3645,401(K)MATCHING
3646,HEALTHINSURANCE
3647,OPPORTUNITIESFORADVANCEMENT
3648,DENTALINSURANCE
3649,VISIONINSURANCE
3650,PAIDTIMEOFF
3651,PARENTALLEAVE
3652,401(K)
3653,STOCKOPTIONS
3654,401(K)4%MATCH
3655,401(K)MATCHING
3656,HEALTHINSURANCE
3657,401(K)4%MATCH
3658,401(K)MATCHING
3659,HEALTHINSURANCE
3660,401(K)
3661,DENTALINSURANCE
3662,VISIONINSURANCE
3663,PAIDTIMEOFF
3664,WORKFROMHOMESTIPEND
3665,HEALTHSAVINGSACCOUNT
3666,401(K)
3667,HEALTHINSURANCE
3668,EMPLOYEESTOCKPURCHASEPLAN
3669,DENTALINSURANCE
3670,FLEXIBLESPENDINGACCOUNT
3671,VISIONINSURANCE
3672,EMPLOYEEASSISTANCEPROGRAM
3673,PRESCRIPTIONDRUGINSURANCE
3674,REFERRALPROGRAM
3675,HEALTHSAVINGSACCOUNT
3676,401(K)
3677,TUITIONREIMBURSEMENT
3678,HEALTHINSURANCE
3679,AD&DINSURANCE
3680,DISABILITYINSURANCE
3681,DENTALINSURANCE
3682,PAIDTIMEOFF
3683,401(K)
3684,HEALTHINSURANCE
3685,REFERRALPROGRAM
3686,VISIONINSURANCE
3687,DENTALINSURANCE
3688,PAIDTIMEOFF
3689,LIFEINSURANCE
3690,401(K)
3691,HEALTHINSURANCE
3692,DENTALINSURANCE
3693,VISIONINSURANCE
3694,PAIDTIMEOFF
3695,FLEXIBLESCHEDULE
3696,LIFEINSURANCE
3697,PARENTALLEAVE
3698,RELOCATIONASSISTANCE
3699,401(K)
3700,TUITIONREIMBURSEMENT
3701,401(K)MATCHING
3702,HEALTHINSURANCE
3703,FLEXIBLESCHEDULE
3704,STOCKOPTIONS
3705,HAPPYHOUR
3706,PARENTALLEAVE
3707,PAIDTIMEOFF
3708,VISIONINSURANCE
3709,DENTALINSURANCE
3710,GYMMEMBERSHIP
3711,FLEXIBLESCHEDULE
3712,401(K)
3713,TUITIONREIMBURSEMENT
3714,401(K)MATCHING
3715,HEALTHINSURANCE
3716,VISIONINSURANCE
3717,DENTALINSURANCE
3718,PAIDTIMEOFF
3719,401(K)
3720,HEALTHINSURANCE
3721,OPPORTUNITIESFORADVANCEMENT
3722,WELLNESSPROGRAM
3723,HEALTHINSURANCE
3724,DENTALINSURANCE
3725,VISIONINSURANCE
3726,PAIDTIMEOFF
3727,LIFEINSURANCE
3728,HEALTHSAVINGSACCOUNT
3729,401(K)
3730,HEALTHINSURANCE
3731,VISIONINSURANCE
3732,DENTALINSURANCE
3733,HEALTHINSURANCE
3734,DENTALINSURANCE
3735,VISIONINSURANCE
3736,PAIDTIMEOFF
3737,EMPLOYEEASSISTANCEPROGRAM
3738,WELLNESSPROGRAM
3739,PARENTALLEAVE
3740,UNLIMITEDPAIDTIMEOFF
3741,HEALTHINSURANCE
3742,REFERRALPROGRAM
3743,DISABILITYINSURANCE
3744,PAIDPARENTALLEAVE
3745,DENTALINSURANCE
3746,FLEXIBLESPENDINGACCOUNT
3747,VISIONINSURANCE
3748,PAIDTIMEOFF
3749,EMPLOYEEASSISTANCEPROGRAM
3750,LIFEINSURANCE
3751,PARENTALLEAVE
3752,EMPLOYEEDISCOUNT
3753,HEALTHSAVINGSACCOUNT
3754,401(K)
3755,401(K)MATCHING
3756,HEALTHINSURANCE
3757,DISABILITYINSURANCE
3758,DENTALINSURANCE
3759,VISIONINSURANCE
3760,PAIDTIMEOFF
3761,FLEXIBLESCHEDULE
3762,UNLIMITEDPAIDTIMEOFF
3763,401(K)
3764,HEALTHINSURANCE
3765,401(K)MATCHING
3766,HEALTHINSURANCE
3767,401(K)
3768,HEALTHINSURANCE
3769,PAIDPARENTALLEAVE
3770,DENTALINSURANCE
3771,FLEXIBLESPENDINGACCOUNT
3772,VISIONINSURANCE
3773,EMPLOYEEASSISTANCEPROGRAM
3774,GYMMEMBERSHIP
3775,PARENTALLEAVE
3776,401(K)
3777,401(K)4%MATCH
3778,401(K)MATCHING
3779,HEALTHINSURANCE
3780,AD&DINSURANCE
3781,DISABILITYINSURANCE
3782,PAIDPARENTALLEAVE
3783,DENTALINSURANCE
3784,VISIONINSURANCE
3785,PAIDTIMEOFF
3786,FLEXIBLESCHEDULE
3787,LIFEINSURANCE
3788,PARENTALLEAVE
3789,401(K)
3790,HEALTHINSURANCE
3791,DISABILITYINSURANCE
3792,HEALTHINSURANCE
3793,PAIDTIMEOFF
3794,PAIDTIMEOFF
3795,EMPLOYEESTOCKPURCHASEPLAN
3796,PAIDPARENTALLEAVE
3797,DENTALINSURANCE
3798,VISIONINSURANCE
3799,PAIDTIMEOFF
3800,EMPLOYEEASSISTANCEPROGRAM
3801,WELLNESSPROGRAM
3802,LIFEINSURANCE
3803,ADOPTIONASSISTANCE
3804,PARENTALLEAVE
3805,EMPLOYEEDISCOUNT
3806,401(K)
3807,MATCHINGGIFTPROGRAM
3808,TUITIONREIMBURSEMENT
3809,401(K)MATCHING
3810,HEALTHINSURANCE
3811,REFERRALPROGRAM
3812,DISABILITYINSURANCE
3813,STOCKOPTIONS
3814,HEALTHINSURANCE
3815,WORKFROMHOME
3816,DENTALINSURANCE
3817,VISIONINSURANCE
3818,EMPLOYEEASSISTANCEPROGRAM
3819,WELLNESSPROGRAM
3820,PARENTALLEAVE
3821,401(K)
3822,ON-SITEGYM
3823,TUITIONREIMBURSEMENT
3824,401(K)MATCHING
3825,HEALTHINSURANCE
3826,DISABILITYINSURANCE
3827,PAIDTIMEOFF
3828,GYMMEMBERSHIP
3829,PARENTALLEAVE
3830,401(K)
3831,401(K)MATCHING
3832,HEALTHINSURANCE
3833,DENTALINSURANCE
3834,FLEXIBLESPENDINGACCOUNT
3835,VISIONINSURANCE
3836,PAIDTIMEOFF
3837,EMPLOYEEASSISTANCEPROGRAM
3838,FLEXIBLESCHEDULE
3839,LIFEINSURANCE
3840,PARENTALLEAVE
3841,PROFESSIONALDEVELOPMENTASSISTANCE
3842,HEALTHSAVINGSACCOUNT
3843,RETIREMENTPLAN
3844,401(K)
3845,TUITIONREIMBURSEMENT
3846,401(K)MATCHING
3847,HEALTHINSURANCE
3848,DENTALINSURANCE
3849,VISIONINSURANCE
3850,PAIDTIMEOFF
3851,RSU
3852,LIFEINSURANCE
3853,401(K)
3854,401(K)MATCHING
3855,HEALTHINSURANCE
3856,VISIONINSURANCE
3857,PAIDTIMEOFF
3858,401(K)
3859,HEALTHINSURANCE
3860,DISABILITYINSURANCE
3861,PAIDPARENTALLEAVE
3862,PAIDSICKTIME
3863,DENTALINSURANCE
3864,FLEXIBLESPENDINGACCOUNT
3865,VISIONINSURANCE
3866,PAIDTIMEOFF
3867,PARENTALLEAVE
3868,EMPLOYEEDISCOUNT
3869,401(K)
3870,HEALTHINSURANCE
3871,401(K)
3872,DENTALINSURANCE
3873,DENTALINSURANCE
3874,VISIONINSURANCE
3875,PAIDTIMEOFF
3876,PARENTALLEAVE
3877,UNLIMITEDPAIDTIMEOFF
3878,401(K)
3879,STOCKOPTIONS
3880,401(K)4%MATCH
3881,401(K)MATCHING
3882,HEALTHINSURANCE
3883,PAIDPARENTALLEAVE
3884,DENTALINSURANCE
3885,FLEXIBLESPENDINGACCOUNT
3886,VISIONINSURANCE
3887,PAIDTIMEOFF
3888,GYMMEMBERSHIP
3889,WELLNESSPROGRAM
3890,RSU
3891,PARENTALLEAVE
3892,HEALTHSAVINGSACCOUNT
3893,401(K)
3894,TUITIONREIMBURSEMENT
3895,401(K)MATCHING
3896,HEALTHINSURANCE
3897,OPPORTUNITIESFORADVANCEMENT
3898,HEALTHINSURANCE
3899,EMPLOYEESTOCKPURCHASEPLAN
3900,RSU
3901,VISIONINSURANCE
3902,DENTALINSURANCE
3903,PAIDTIMEOFF
3904,401(K)
3905,HEALTHINSURANCE
3906,DENTALINSURANCE
3907,VISIONINSURANCE
3908,PAIDTIMEOFF
3909,WELLNESSPROGRAM
3910,LIFEINSURANCE
3911,TUITIONREIMBURSEMENT
3912,HEALTHINSURANCE
3913,AD&DINSURANCE
3914,DISABILITYINSURANCE
3915,PAIDPARENTALLEAVE
3916,DENTALINSURANCE
3917,VISIONINSURANCE
3918,PAIDTIMEOFF
3919,PARENTALLEAVE
3920,PROFESSIONALDEVELOPMENTASSISTANCE
3921,EMPLOYEEDISCOUNT
3922,RETIREMENTPLAN
3923,HEALTHINSURANCE
3924,PAIDPARENTALLEAVE
3925,DENTALINSURANCE
3926,VISIONINSURANCE
3927,FLEXIBLESCHEDULE
3928,PARENTALLEAVE
3929,401(K)
3930,401(K)MATCHING
3931,HEALTHINSURANCE
3932,401(K)
3933,VISIONINSURANCE
3934,DENTALINSURANCE
3935,PAIDTIMEOFF
3936,FLEXIBLESCHEDULE
3937,401(K)
3938,401(K)MATCHING
3939,HEALTHINSURANCE
3940,HEALTHINSURANCE
3941,RETIREMENTPLAN
3942,DENTALINSURANCE
3943,HEALTHINSURANCE
3944,401(K)
3945,PROFITSHARING
3946,VISIONINSURANCE
3947,DENTALINSURANCE
3948,401(K)
3949,401(K)MATCHING
3950,HEALTHINSURANCE
3951,VISIONINSURANCE
3952,DENTALINSURANCE
3953,PAIDTIMEOFF
3954,401(K)
3955,401(K)MATCHING
3956,HEALTHINSURANCE
3957,401(K)MATCHING
3958,401(K)
3959,401(K)MATCHING
3960,HEALTHINSURANCE
3961,401(K)
3962,PAIDSICKTIME
3963,DENTALINSURANCE
3964,FLEXIBLESPENDINGACCOUNT
3965,VISIONINSURANCE
3966,PAIDTIMEOFF
3967,EMPLOYEEASSISTANCEPROGRAM
3968,LIFEINSURANCE
3969,PARENTALLEAVE
3970,401(K)
3971,401(K)MATCHING
3972,HEALTHINSURANCE
3973,DISABILITYINSURANCE
3974,HEALTHINSURANCE
3975,401(K)MATCHING
3976,401(K)
3977,PAIDPARENTALLEAVE
3978,SABBATICAL
3979,DENTALINSURANCE
3980,VISIONINSURANCE
3981,PAIDTIMEOFF
3982,FLEXIBLESCHEDULE
3983,PARENTALLEAVE
3984,401(K)
3985,HEALTHINSURANCE
3986,PAIDPARENTALLEAVE
3987,DENTALINSURANCE
3988,VISIONINSURANCE
3989,PAIDTIMEOFF
3990,LIFEINSURANCE
3991,PARENTALLEAVE
3992,401(K)
3993,401(K)MATCHING
3994,HEALTHINSURANCE
3995,DISABILITYINSURANCE
3996,VISIONINSURANCE
3997,EMPLOYEEASSISTANCEPROGRAM
3998,GYMMEMBERSHIP
3999,LIFEINSURANCE
4000,INTERNETREIMBURSEMENT
4001,HEALTHSAVINGSACCOUNT
4002,UNLIMITEDPAIDTIMEOFF
4003,401(K)
4004,401(K)MATCHING
4005,HEALTHINSURANCE
4006,REFERRALPROGRAM
4007,DISABILITYINSURANCE
4008,DENTALINSURANCE
4009,HEALTHINSURANCE
4010,DENTALINSURANCE
4011,FLEXIBLESPENDINGACCOUNT
4012,VISIONINSURANCE
4013,PAIDTIMEOFF
4014,PARENTALLEAVE
4015,401(K)
4016,HEALTHINSURANCE
4017,VISIONINSURANCE
4018,DENTALINSURANCE
4019,401(K)
4020,401(K)MATCHING
4021,HEALTHINSURANCE
4022,DISABILITYINSURANCE
4023,DENTALINSURANCE
4024,VISIONINSURANCE
4025,PAIDTIMEOFF
4026,RSU
4027,LIFEINSURANCE
4028,PARENTALLEAVE
4029,401(K)
4030,TUITIONREIMBURSEMENT
4031,401(K)MATCHING
4032,HEALTHINSURANCE
4033,DENTALINSURANCE
4034,VISIONINSURANCE
4035,PAIDTIMEOFF
4036,401(K)
4037,401(K)MATCHING
4038,HEALTHINSURANCE
4039,REFERRALPROGRAM
4040,DISABILITYINSURANCE
4041,401(K)MATCHING
4042,401(K)
4043,VISIONINSURANCE
4044,DENTALINSURANCE
4045,PAIDTIMEOFF
4046,FLEXIBLESCHEDULE
4047,401(K)
4048,401(K)MATCHING
4049,HEALTHINSURANCE
4050,DENTALINSURANCE
4051,VISIONINSURANCE
4052,PAIDTIMEOFF
4053,FLEXIBLESCHEDULE
4054,PARENTALLEAVE
4055,401(K)
4056,401(K)MATCHING
4057,HEALTHINSURANCE
4058,DISABILITYINSURANCE
4059,VISIONINSURANCE
4060,DENTALINSURANCE
4061,PAIDTIMEOFF
4062,FLEXIBLESCHEDULE
4063,LIFEINSURANCE
4064,401(K)
4065,HEALTHINSURANCE
4066,VISIONINSURANCE
4067,DENTALINSURANCE
4068,PAIDTIMEOFF
4069,401(K)
4070,HEALTHINSURANCE
4071,FLEXIBLESCHEDULE
4072,DENTALINSURANCE
4073,VISIONINSURANCE
4074,PAIDTIMEOFF
4075,HEALTHSAVINGSACCOUNT
4076,401(K)
4077,HEALTHINSURANCE
4078,WORKFROMHOME
4079,DENTALINSURANCE
4080,FLEXIBLESPENDINGACCOUNT
4081,VISIONINSURANCE
4082,PAIDTIMEOFF
4083,LIFEINSURANCE
4084,PARENTALLEAVE
4085,HEALTHSAVINGSACCOUNT
4086,401(K)
4087,401(K)MATCHING
4088,HEALTHINSURANCE
4089,REFERRALPROGRAM
4090,PAIDSICKTIME
4091,DENTALINSURANCE
4092,VISIONINSURANCE
4093,PAIDTIMEOFF
4094,PAIDHOLIDAYS
4095,LIFEINSURANCE
4096,401(K)
4097,TUITIONREIMBURSEMENT
4098,401(K)MATCHING
4099,HEALTHINSURANCE
4100,DISABILITYINSURANCE
4101,VISIONINSURANCE
4102,DENTALINSURANCE
4103,LIFEINSURANCE
4104,401(K)
4105,HEALTHINSURANCE
4106,DISABILITYINSURANCE
4107,PAIDTIMEOFF
4108,PROFESSIONALDEVELOPMENTASSISTANCE
4109,401(K)
4110,TUITIONREIMBURSEMENT
4111,401(K)MATCHING
4112,HEALTHINSURANCE
4113,DISABILITYINSURANCE
4114,VISIONINSURANCE
4115,DENTALINSURANCE
4116,HEALTHINSURANCE
4117,401(K)
4118,DENTALINSURANCE
4119,FLEXIBLESPENDINGACCOUNT
4120,VISIONINSURANCE
4121,PAIDTIMEOFF
4122,EMPLOYEEASSISTANCEPROGRAM
4123,FLEXIBLESCHEDULE
4124,LIFEINSURANCE
4125,PARENTALLEAVE
4126,PROFESSIONALDEVELOPMENTASSISTANCE
4127,EMPLOYEEDISCOUNT
4128,HEALTHSAVINGSACCOUNT
4129,RELOCATIONASSISTANCE
4130,401(K)
4131,RETIREMENTPLAN
4132,TUITIONREIMBURSEMENT
4133,401(K)MATCHING
4134,HEALTHINSURANCE
4135,REFERRALPROGRAM
4136,VISIONINSURANCE
4137,DENTALINSURANCE
4138,PAIDTIMEOFF
4139,401(K)
4140,401(K)MATCHING
4141,HEALTHINSURANCE
4142,TUITIONREIMBURSEMENT
4143,DENTALINSURANCE
4144,FLEXIBLESPENDINGACCOUNT
4145,VISIONINSURANCE
4146,HEALTHSAVINGSACCOUNT
4147,401(K)
4148,TUITIONREIMBURSEMENT
4149,HEALTHINSURANCE
4150,AD&DINSURANCE
4151,DENTALINSURANCE
4152,VISIONINSURANCE
4153,PAIDTIMEOFF
4154,HEALTHSAVINGSACCOUNT
4155,UNLIMITEDPAIDTIMEOFF
4156,401(K)
4157,401(K)5%MATCH
4158,401(K)MATCHING
4159,HEALTHINSURANCE
4160,VISIONINSURANCE
4161,DENTALINSURANCE
4162,PAIDTIMEOFF
4163,FLEXIBLESCHEDULE
4164,LIFEINSURANCE
4165,401(K)
4166,401(K)MATCHING
4167,HEALTHINSURANCE
4168,REFERRALPROGRAM
4169,WORKFROMHOME
4170,PAIDTIMEOFF
4171,401(K)
4172,401(K)MATCHING
4173,HEALTHINSURANCE
4174,DISABILITYINSURANCE
4175,VISIONINSURANCE
4176,FLEXIBLESPENDINGACCOUNT
4177,PAIDTIMEOFF
4178,LIFEINSURANCE
4179,HEALTHSAVINGSACCOUNT
4180,401(K)
4181,TUITIONREIMBURSEMENT
4182,401(K)MATCHING
4183,HEALTHINSURANCE
4184,DISABILITYINSURANCE
4185,FLEXIBLESCHEDULE
